case,C2_over_C1,R2_over_R1,waveform,Ti_s,pause_fraction,dt_s,PI,EII,MPtotal_Jmin,flow_residual_max_Ls,paw_consistency_max_cmH2O
compliance-dominant_high-C2,4.0,1.0,decelerating,0.6,0.0,0.004,0.6359981493893806,0.2719962987787612,6.018316120698703,4.440892098500626e-16,1.7763568394002505e-15
compliance-dominant_high-C2,4.0,1.0,decelerating,0.6,0.0,0.002,0.6362632310975012,0.2725264621950024,6.0580179640146925,4.440892098500626e-16,1.7763568394002505e-15
compliance-dominant_high-C2,4.0,1.0,decelerating,0.6,0.0,0.001,0.6363951004224525,0.272790200844905,6.077922968007623,4.440892098500626e-16,1.7763568394002505e-15
compliance-dominant_high-C2,4.0,1.0,decelerating,0.6,0.0,0.0005,0.6364608683155345,0.2729217366310689,6.087889000633735,4.440892098500626e-16,1.7763568394002505e-15
compliance-dominant_high-C2,4.0,1.0,decelerating,0.6,0.0,0.00025,0.6364937107078537,0.2729874214157073,6.092875400860072,4.440892098500626e-16,1.7763568394002505e-15
compliance-dominant_high-C2,4.0,1.0,decelerating,0.6,0.0,0.000125,0.6365101215326625,0.2730202430653249,6.095369447108552,4.440892098500626e-16,1.7763568394002505e-15
compliance-dominant_high-C2,4.0,1.0,decelerating,0.6,0.2,0.004,0.6267464066010688,0.2534928132021377,7.101097847768986,4.440892098500626e-16,1.7763568394002505e-15
compliance-dominant_high-C2,4.0,1.0,decelerating,0.6,0.2,0.002,0.6270451590310332,0.2540903180620664,7.157993952166657,4.440892098500626e-16,1.7763568394002505e-15
compliance-dominant_high-C2,4.0,1.0,decelerating,0.6,0.2,0.001,0.6271937056126078,0.25438741122521563,7.186535472241509,4.440892098500626e-16,1.7763568394002505e-15
compliance-dominant_high-C2,4.0,1.0,decelerating,0.6,0.2,0.0005,0.6272677729790499,0.25453554595809985,7.200829618571651,4.440892098500626e-16,1.7763568394002505e-15
compliance-dominant_high-C2,4.0,1.0,decelerating,0.6,0.2,0.00025,0.6273047553652981,0.25460951073059607,7.207982540726045,4.440892098500626e-16,1.7763568394002505e-15
compliance-dominant_high-C2,4.0,1.0,decelerating,0.6,0.2,0.000125,0.6273232337571075,0.2546464675142151,7.211560464352633,4.440892098500626e-16,1.7763568394002505e-15
compliance-dominant_high-C2,4.0,1.0,decelerating,1.0,0.0,0.004,0.6998305224169734,0.3996610448339468,4.240739300872612,4.440892098500626e-16,1.7763568394002505e-15
compliance-dominant_high-C2,4.0,1.0,decelerating,1.0,0.0,0.002,0.6998807542909878,0.3997615085819756,4.258723681062177,4.440892098500626e-16,1.7763568394002505e-15
compliance-dominant_high-C2,4.0,1.0,decelerating,1.0,0.0,0.001,0.6999058082894392,0.3998116165788784,4.267731924789978,4.440892098500626e-16,1.7763568394002505e-15
compliance-dominant_high-C2,4.0,1.0,decelerating,1.0,0.0,0.0005,0.6999183198927504,0.3998366397855008,4.272240062366271,4.440892098500626e-16,1.7763568394002505e-15
compliance-dominant_high-C2,4.0,1.0,decelerating,1.0,0.0,0.00025,0.699924571856439,0.39984914371287783,4.274495135370453,4.440892098500626e-16,1.7763568394002505e-15
compliance-dominant_high-C2,4.0,1.0,decelerating,1.0,0.0,0.000125,0.6999276968801632,0.39985539376032647,4.275622922962541,4.440892098500626e-16,1.7763568394002505e-15
compliance-dominant_high-C2,4.0,1.0,decelerating,1.0,0.2,0.004,0.6925901372320736,0.38518027446414727,4.91616386914179,4.440892098500626e-16,1.7763568394002505e-15
compliance-dominant_high-C2,4.0,1.0,decelerating,1.0,0.2,0.002,0.6926538631618668,0.38530772632373367,4.941440790189014,4.440892098500626e-16,1.7763568394002505e-15
compliance-dominant_high-C2,4.0,1.0,decelerating,1.0,0.2,0.001,0.6926856303401848,0.3853712606803695,4.954106347426154,4.440892098500626e-16,1.7763568394002505e-15
compliance-dominant_high-C2,4.0,1.0,decelerating,1.0,0.2,0.0005,0.6927014901049688,0.38540298020993774,4.9604459046151455,4.440892098500626e-16,1.7763568394002505e-15
compliance-dominant_high-C2,4.0,1.0,decelerating,1.0,0.2,0.00025,0.6927094140464701,0.38541882809294015,4.963617378401163,4.440892098500626e-16,1.7763568394002505e-15
compliance-dominant_high-C2,4.0,1.0,decelerating,1.0,0.2,0.000125,0.6927133745338941,0.3854267490677884,4.965203539160666,4.440892098500626e-16,1.7763568394002505e-15
compliance-dominant_high-C2,4.0,1.0,decelerating,1.5,0.0,0.004,0.7503469210071029,0.5006938420142057,3.3125676095870036,3.3306690738754696e-16,1.7763568394002505e-15
compliance-dominant_high-C2,4.0,1.0,decelerating,1.5,0.0,0.002,0.7502826282732262,0.5005652565464526,3.3224839747691144,3.3306690738754696e-16,1.7763568394002505e-15
compliance-dominant_high-C2,4.0,1.0,decelerating,1.5,0.0,0.001,0.7502506350984025,0.500501270196805,3.3274485472086965,3.3306690738754696e-16,1.7763568394002505e-15
compliance-dominant_high-C2,4.0,1.0,decelerating,1.5,0.0,0.0005,0.7502346766433301,0.5004693532866602,3.3299324315720815,3.3306690738754696e-16,1.7763568394002505e-15
compliance-dominant_high-C2,4.0,1.0,decelerating,1.5,0.0,0.00025,0.7502267069282597,0.5004534138565194,3.331174773374838,3.3306690738754696e-16,1.7763568394002505e-15
compliance-dominant_high-C2,4.0,1.0,decelerating,1.5,0.0,0.000125,0.7502227244462679,0.5004454488925358,3.3317960441921253,3.3306690738754696e-16,1.7763568394002505e-15
compliance-dominant_high-C2,4.0,1.0,decelerating,1.5,0.2,0.004,0.7468137774914653,0.4936275549829306,3.7816364723416034,4.440892098500626e-16,1.7763568394002505e-15
compliance-dominant_high-C2,4.0,1.0,decelerating,1.5,0.2,0.002,0.7467444439944785,0.49348888798895685,3.79534473639057,3.885780586188048e-16,1.7763568394002505e-15
compliance-dominant_high-C2,4.0,1.0,decelerating,1.5,0.2,0.001,0.7467099586491656,0.49341991729833123,3.80220942744719,4.440892098500626e-16,1.7763568394002505e-15
compliance-dominant_high-C2,4.0,1.0,decelerating,1.5,0.2,0.0005,0.7466927610977999,0.49338552219559995,3.805644414077719,4.440892098500626e-16,1.7763568394002505e-15
compliance-dominant_high-C2,4.0,1.0,decelerating,1.5,0.2,0.00025,0.7466841735739088,0.49336834714781774,3.8073625678365133,4.440892098500626e-16,1.7763568394002505e-15
compliance-dominant_high-C2,4.0,1.0,decelerating,1.5,0.2,0.000125,0.7466798826213525,0.49335976524270514,3.8082218098477827,4.440892098500626e-16,1.7763568394002505e-15
compliance-dominant_high-C2,4.0,1.0,sinusoidal,0.6,0.0,0.004,0.6298006698037133,0.2596013396074266,5.768191206096694,4.440892098500626e-16,1.7763568394002505e-15
compliance-dominant_high-C2,4.0,1.0,sinusoidal,0.6,0.0,0.002,0.6299164667993953,0.2598329335987904,5.774051670646536,4.440892098500626e-16,1.7763568394002505e-15
compliance-dominant_high-C2,4.0,1.0,sinusoidal,0.6,0.0,0.001,0.629973155123645,0.25994631024729015,5.7770364528324,4.440892098500626e-16,1.7763568394002505e-15
compliance-dominant_high-C2,4.0,1.0,sinusoidal,0.6,0.0,0.0005,0.6300011981773619,0.2600023963547238,5.778542526319183,4.440892098500626e-16,1.7763568394002505e-15
compliance-dominant_high-C2,4.0,1.0,sinusoidal,0.6,0.0,0.00025,0.6300151446055128,0.2600302892110256,5.779298989355842,4.440892098500626e-16,1.7763568394002505e-15
compliance-dominant_high-C2,4.0,1.0,sinusoidal,0.6,0.0,0.000125,0.6300220990671503,0.26004419813430063,5.779678078164387,4.440892098500626e-16,1.7763568394002505e-15
compliance-dominant_high-C2,4.0,1.0,sinusoidal,0.6,0.2,0.004,0.6266017828455506,0.2532035656911012,6.799909825081092,4.440892098500626e-16,1.7763568394002505e-15
compliance-dominant_high-C2,4.0,1.0,sinusoidal,0.6,0.2,0.002,0.6266999098190755,0.2533998196381511,6.8073889712016245,4.440892098500626e-16,1.7763568394002505e-15
compliance-dominant_high-C2,4.0,1.0,sinusoidal,0.6,0.2,0.001,0.6267471481676143,0.2534942963352286,6.811234771255213,4.440892098500626e-16,1.7763568394002505e-15
compliance-dominant_high-C2,4.0,1.0,sinusoidal,0.6,0.2,0.0005,0.6267703133751953,0.25354062675039046,6.813184315455196,4.440892098500626e-16,1.7763568394002505e-15
compliance-dominant_high-C2,4.0,1.0,sinusoidal,0.6,0.2,0.00025,0.6267817827753307,0.25356356555066145,6.814165759778394,4.440892098500626e-16,1.7763568394002505e-15
compliance-dominant_high-C2,4.0,1.0,sinusoidal,0.6,0.2,0.000125,0.6267874892103804,0.25357497842076093,6.814658151409083,4.440892098500626e-16,1.7763568394002505e-15
compliance-dominant_high-C2,4.0,1.0,sinusoidal,1.0,0.0,0.004,0.6896214320508468,0.37924286410169367,4.083802598746122,4.440892098500626e-16,1.7763568394002505e-15
compliance-dominant_high-C2,4.0,1.0,sinusoidal,1.0,0.0,0.002,0.6895836420690367,0.37916728413807327,4.087062269554957,4.440892098500626e-16,1.7763568394002505e-15
compliance-dominant_high-C2,4.0,1.0,sinusoidal,1.0,0.0,0.001,0.6895644402892128,0.37912888057842575,4.088704265538969,4.440892098500626e-16,1.7763568394002505e-15
compliance-dominant_high-C2,4.0,1.0,sinusoidal,1.0,0.0,0.0005,0.6895547629666072,0.3791095259332145,4.089528312838052,4.440892098500626e-16,1.7763568394002505e-15
compliance-dominant_high-C2,4.0,1.0,sinusoidal,1.0,0.0,0.00025,0.6895499052300577,0.37909981046011526,4.089941099965425,4.440892098500626e-16,1.7763568394002505e-15
compliance-dominant_high-C2,4.0,1.0,sinusoidal,1.0,0.0,0.000125,0.6895474715970791,0.37909494319415815,4.090147684542812,4.440892098500626e-16,1.7763568394002505e-15
compliance-dominant_high-C2,4.0,1.0,sinusoidal,1.0,0.2,0.004,0.6925433085747366,0.38508661714947306,4.722691331650632,3.3306690738754696e-16,1.7763568394002505e-15
compliance-dominant_high-C2,4.0,1.0,sinusoidal,1.0,0.2,0.002,0.6924603351805977,0.38492067036119537,4.726914537972793,4.440892098500626e-16,1.7763568394002505e-15
compliance-dominant_high-C2,4.0,1.0,sinusoidal,1.0,0.2,0.001,0.692418342893434,0.38483668578686786,4.729049434859609,4.440892098500626e-16,1.7763568394002505e-15
compliance-dominant_high-C2,4.0,1.0,sinusoidal,1.0,0.2,0.0005,0.6923972207586703,0.3847944415173406,4.730122725304037,4.440892098500626e-16,1.7763568394002505e-15
compliance-dominant_high-C2,4.0,1.0,sinusoidal,1.0,0.2,0.00025,0.6923866282440972,0.38477325648819455,4.730660833365932,4.440892098500626e-16,1.7763568394002505e-15
compliance-dominant_high-C2,4.0,1.0,sinusoidal,1.0,0.2,0.000125,0.6923813241313246,0.3847626482626491,4.730930253400373,4.440892098500626e-16,1.7763568394002505e-15
compliance-dominant_high-C2,4.0,1.0,sinusoidal,1.5,0.0,0.004,0.7391030514273059,0.47820610285461185,3.206699906156651,3.885780586188048e-16,1.7763568394002505e-15
compliance-dominant_high-C2,4.0,1.0,sinusoidal,1.5,0.0,0.002,0.7389877228626047,0.4779754457252094,3.2087436684434483,3.885780586188048e-16,1.7763568394002505e-15
compliance-dominant_high-C2,4.0,1.0,sinusoidal,1.5,0.0,0.001,0.7389300724900654,0.4778601449801308,3.209769392399794,3.885780586188048e-16,1.7763568394002505e-15
compliance-dominant_high-C2,4.0,1.0,sinusoidal,1.5,0.0,0.0005,0.7389012507341863,0.4778025014683727,3.210283217494489,3.885780586188048e-16,1.7763568394002505e-15
compliance-dominant_high-C2,4.0,1.0,sinusoidal,1.5,0.0,0.00025,0.7388868407079957,0.47777368141599147,3.21054037112341,4.440892098500626e-16,1.7763568394002505e-15
compliance-dominant_high-C2,4.0,1.0,sinusoidal,1.5,0.0,0.000125,0.7388796359071066,0.4777592718142132,3.2106690082461187,4.440892098500626e-16,1.7763568394002505e-15
compliance-dominant_high-C2,4.0,1.0,sinusoidal,1.5,0.2,0.004,0.7486401966852593,0.49728039337051855,3.6499734438989337,4.440892098500626e-16,1.7763568394002505e-15
compliance-dominant_high-C2,4.0,1.0,sinusoidal,1.5,0.2,0.002,0.7484679340599327,0.4969358681198654,3.652611700485413,4.440892098500626e-16,1.7763568394002505e-15
compliance-dominant_high-C2,4.0,1.0,sinusoidal,1.5,0.2,0.001,0.7483817837172928,0.49676356743458555,3.653938038811664,4.440892098500626e-16,1.7763568394002505e-15
compliance-dominant_high-C2,4.0,1.0,sinusoidal,1.5,0.2,0.0005,0.7483387036844028,0.49667740736880556,3.654603015550612,4.440892098500626e-16,1.7763568394002505e-15
compliance-dominant_high-C2,4.0,1.0,sinusoidal,1.5,0.2,0.00025,0.7483171624396666,0.4966343248793332,3.6549359564497976,4.440892098500626e-16,1.7763568394002505e-15
compliance-dominant_high-C2,4.0,1.0,sinusoidal,1.5,0.2,0.000125,0.7483063915086199,0.4966127830172398,3.65510254011143,4.440892098500626e-16,1.7763568394002505e-15
compliance-dominant_high-C2,4.0,1.0,square,0.6,0.0,0.004,0.6337861546584599,0.2675723093169198,4.943725938064265,4.440892098500626e-16,1.7763568394002505e-15
compliance-dominant_high-C2,4.0,1.0,square,0.6,0.0,0.002,0.6340771322557895,0.26815426451157914,4.959360744663847,4.440892098500626e-16,1.7763568394002505e-15
compliance-dominant_high-C2,4.0,1.0,square,0.6,0.0,0.001,0.6342222810051263,0.2684445620102526,4.967188313842162,4.440892098500626e-16,1.7763568394002505e-15
compliance-dominant_high-C2,4.0,1.0,square,0.6,0.0,0.0005,0.6342947705813439,0.2685895411626877,4.971104639901331,4.440892098500626e-16,1.7763568394002505e-15
compliance-dominant_high-C2,4.0,1.0,square,0.6,0.0,0.00025,0.6343309941964991,0.26866198839299815,4.973063438298465,4.440892098500626e-16,1.7763568394002505e-15
compliance-dominant_high-C2,4.0,1.0,square,0.6,0.0,0.000125,0.6343491007141664,0.26869820142833284,4.974042996338926,4.440892098500626e-16,1.7763568394002505e-15
compliance-dominant_high-C2,4.0,1.0,square,0.6,0.2,0.004,0.6361358759969952,0.27227175199399034,5.763774802179398,4.440892098500626e-16,1.7763568394002505e-15
compliance-dominant_high-C2,4.0,1.0,square,0.6,0.2,0.002,0.6363819998374746,0.27276399967494913,5.793973845231727,4.440892098500626e-16,1.7763568394002505e-15
compliance-dominant_high-C2,4.0,1.0,square,0.6,0.2,0.001,0.6365042402569968,0.27300848051399346,5.809147535237845,4.440892098500626e-16,1.7763568394002505e-15
compliance-dominant_high-C2,4.0,1.0,square,0.6,0.2,0.0005,0.6365651568623333,0.2731303137246665,5.816753015836476,4.440892098500626e-16,1.7763568394002505e-15
compliance-dominant_high-C2,4.0,1.0,square,0.6,0.2,0.00025,0.6365955644832654,0.27319112896653075,5.820560426776742,4.440892098500626e-16,1.7763568394002505e-15
compliance-dominant_high-C2,4.0,1.0,square,0.6,0.2,0.000125,0.6366107556505951,0.2732215113011904,5.822465301378481,4.440892098500626e-16,1.7763568394002505e-15
compliance-dominant_high-C2,4.0,1.0,square,1.0,0.0,0.004,0.6851820879083557,0.3703641758167113,3.5652685056022144,3.885780586188048e-16,1.7763568394002505e-15
compliance-dominant_high-C2,4.0,1.0,square,1.0,0.0,0.002,0.6853040734836503,0.3706081469673006,3.572915172829193,4.440892098500626e-16,1.7763568394002505e-15
compliance-dominant_high-C2,4.0,1.0,square,1.0,0.0,0.001,0.6853649975696421,0.37072999513928423,3.5767420854939846,4.440892098500626e-16,1.7763568394002505e-15
compliance-dominant_high-C2,4.0,1.0,square,1.0,0.0,0.0005,0.6853954424410792,0.3707908848821583,3.5786564366732785,4.440892098500626e-16,1.7763568394002505e-15
compliance-dominant_high-C2,4.0,1.0,square,1.0,0.0,0.00025,0.6854106605843974,0.3708213211687948,3.5796138359851093,4.440892098500626e-16,1.7763568394002505e-15
compliance-dominant_high-C2,4.0,1.0,square,1.0,0.0,0.000125,0.6854182685830185,0.3708365371660369,3.5800925915728747,4.440892098500626e-16,1.7763568394002505e-15
compliance-dominant_high-C2,4.0,1.0,square,1.0,0.2,0.004,0.6988681593393031,0.39773631867860615,4.083549428758149,4.440892098500626e-16,1.7763568394002505e-15
compliance-dominant_high-C2,4.0,1.0,square,1.0,0.2,0.002,0.6989412901946671,0.3978825803893342,4.097168135485701,4.440892098500626e-16,1.7763568394002505e-15
compliance-dominant_high-C2,4.0,1.0,square,1.0,0.2,0.001,0.6989775400234286,0.3979550800468573,4.103997943687146,4.440892098500626e-16,1.7763568394002505e-15
compliance-dominant_high-C2,4.0,1.0,square,1.0,0.2,0.0005,0.6989955867753317,0.3979911735506633,4.107417977035044,4.440892098500626e-16,1.7763568394002505e-15
compliance-dominant_high-C2,4.0,1.0,square,1.0,0.2,0.00025,0.6990045907020132,0.3980091814040263,4.109129277968807,4.440892098500626e-16,1.7763568394002505e-15
compliance-dominant_high-C2,4.0,1.0,square,1.0,0.2,0.000125,0.699009087814405,0.3980181756288099,4.109985249744503,4.440892098500626e-16,1.7763568394002505e-15
compliance-dominant_high-C2,4.0,1.0,square,1.5,0.0,0.004,0.7241871934270183,0.4483743868540366,2.841120983288338,3.3306690738754696e-16,1.7763568394002505e-15
compliance-dominant_high-C2,4.0,1.0,square,1.5,0.0,0.002,0.7242182321123732,0.4484364642247465,2.8455982045173993,3.3306690738754696e-16,1.7763568394002505e-15
compliance-dominant_high-C2,4.0,1.0,square,1.5,0.0,0.001,0.7242337891897684,0.44846757837953677,2.847838435093953,3.3306690738754696e-16,1.7763568394002505e-15
compliance-dominant_high-C2,4.0,1.0,square,1.5,0.0,0.0005,0.7242415770994959,0.44848315419899176,2.848958955374391,3.3306690738754696e-16,1.7763568394002505e-15
compliance-dominant_high-C2,4.0,1.0,square,1.5,0.0,0.00025,0.7242454733893208,0.4484909467786415,2.8495193167628567,3.885780586188048e-16,1.7763568394002505e-15
compliance-dominant_high-C2,4.0,1.0,square,1.5,0.0,0.000125,0.7242474221170028,0.4484948442340055,2.8497995227691817,3.885780586188048e-16,1.7763568394002505e-15
compliance-dominant_high-C2,4.0,1.0,square,1.5,0.2,0.004,0.7492186017660203,0.49843720353204074,3.204534975099339,3.885780586188048e-16,1.7763568394002505e-15
compliance-dominant_high-C2,4.0,1.0,square,1.5,0.2,0.002,0.7491884202870251,0.4983768405740504,3.212022041706088,3.885780586188048e-16,1.7763568394002505e-15
compliance-dominant_high-C2,4.0,1.0,square,1.5,0.2,0.001,0.7491732796953686,0.49834655939073735,3.2157732384430022,3.885780586188048e-16,1.7763568394002505e-15
compliance-dominant_high-C2,4.0,1.0,square,1.5,0.2,0.0005,0.7491656971616913,0.4983313943233829,3.21765075652252,3.885780586188048e-16,1.7763568394002505e-15
compliance-dominant_high-C2,4.0,1.0,square,1.5,0.2,0.00025,0.7491619028632754,0.4983238057265509,3.218589995972614,3.885780586188048e-16,1.7763568394002505e-15
compliance-dominant_high-C2,4.0,1.0,square,1.5,0.2,0.000125,0.7491600049596431,0.49832000991928616,3.2190597358606228,3.885780586188048e-16,1.7763568394002505e-15
compliance-dominant_low-C2,0.25,1.0,decelerating,0.6,0.0,0.004,0.20399178603692947,0.5920164279261411,10.199836613759775,6.661338147750939e-16,3.552713678800501e-15
compliance-dominant_low-C2,0.25,1.0,decelerating,0.6,0.0,0.002,0.2044141605239499,0.5911716789521002,10.28226066358311,5.551115123125783e-16,3.552713678800501e-15
compliance-dominant_low-C2,0.25,1.0,decelerating,0.6,0.0,0.001,0.20462291108709726,0.5907541778258053,10.323618850000729,6.661338147750939e-16,3.552713678800501e-15
compliance-dominant_low-C2,0.25,1.0,decelerating,0.6,0.0,0.0005,0.20472668477210448,0.590546630455791,10.344334523681258,6.661338147750939e-16,3.552713678800501e-15
compliance-dominant_low-C2,0.25,1.0,decelerating,0.6,0.0,0.00025,0.20477842214936048,0.590443155701279,10.354701510652122,6.661338147750939e-16,3.552713678800501e-15
compliance-dominant_low-C2,0.25,1.0,decelerating,0.6,0.0,0.000125,0.20480425358762486,0.5903914928247503,10.359887292296829,6.661338147750939e-16,3.552713678800501e-15
compliance-dominant_low-C2,0.25,1.0,decelerating,0.6,0.2,0.004,0.20231415584887225,0.5953716883022554,11.395949821176092,6.661338147750939e-16,3.552713678800501e-15
compliance-dominant_low-C2,0.25,1.0,decelerating,0.6,0.2,0.002,0.20280697809420808,0.5943860438115838,11.507404326071162,6.661338147750939e-16,3.552713678800501e-15
compliance-dominant_low-C2,0.25,1.0,decelerating,0.6,0.2,0.001,0.20305026270359336,0.5938994745928133,11.563368486778273,6.661338147750939e-16,3.552713678800501e-15
compliance-dominant_low-C2,0.25,1.0,decelerating,0.6,0.2,0.0005,0.20317113454114782,0.5936577309177044,11.591409874901519,6.661338147750939e-16,3.552713678800501e-15
compliance-dominant_low-C2,0.25,1.0,decelerating,0.6,0.2,0.00025,0.20323137921632894,0.593537241567342,11.605445405991277,8.881784197001252e-16,3.552713678800501e-15
compliance-dominant_low-C2,0.25,1.0,decelerating,0.6,0.2,0.000125,0.20326145391331868,0.5934770921733626,11.612466882053747,8.881784197001252e-16,3.552713678800501e-15
compliance-dominant_low-C2,0.25,1.0,decelerating,1.0,0.0,0.004,0.17932483179339775,0.6413503364132046,8.19354302474233,3.3306690738754696e-16,1.7763568394002505e-15
compliance-dominant_low-C2,0.25,1.0,decelerating,1.0,0.0,0.002,0.17963424478412723,0.6407315104317457,8.236404524306902,4.440892098500626e-16,1.7763568394002505e-15
compliance-dominant_low-C2,0.25,1.0,decelerating,1.0,0.0,0.001,0.17978785285908738,0.6404242942818252,8.2578846160419,4.440892098500626e-16,1.7763568394002505e-15
compliance-dominant_low-C2,0.25,1.0,decelerating,1.0,0.0,0.0005,0.17986438474402286,0.6402712305119542,8.26863700591142,4.440892098500626e-16,1.7763568394002505e-15
compliance-dominant_low-C2,0.25,1.0,decelerating,1.0,0.0,0.00025,0.17990258295134878,0.6401948340973024,8.274016287910973,4.440892098500626e-16,1.7763568394002505e-15
compliance-dominant_low-C2,0.25,1.0,decelerating,1.0,0.0,0.000125,0.17992166515888006,0.6401566696822399,8.276706700809981,4.440892098500626e-16,1.7763568394002505e-15
compliance-dominant_low-C2,0.25,1.0,decelerating,1.0,0.2,0.004,0.17394606110112354,0.652107877797753,8.961090668050316,5.551115123125783e-16,3.552713678800501e-15
compliance-dominant_low-C2,0.25,1.0,decelerating,1.0,0.2,0.002,0.17431655866663928,0.6513668826667215,9.017777440002364,5.551115123125783e-16,3.552713678800501e-15
compliance-dominant_low-C2,0.25,1.0,decelerating,1.0,0.2,0.001,0.17450036722337192,0.6509992655532562,9.046199892201185,5.551115123125783e-16,3.552713678800501e-15
compliance-dominant_low-C2,0.25,1.0,decelerating,1.0,0.2,0.0005,0.17459191502864682,0.6508161699427062,9.060430901465901,5.551115123125783e-16,3.552713678800501e-15
compliance-dominant_low-C2,0.25,1.0,decelerating,1.0,0.2,0.00025,0.17463760025537894,0.6507247994892422,9.067551353966133,5.551115123125783e-16,3.552713678800501e-15
compliance-dominant_low-C2,0.25,1.0,decelerating,1.0,0.2,0.000125,0.17466042075472066,0.6506791584905586,9.071112817442822,5.551115123125783e-16,3.552713678800501e-15
compliance-dominant_low-C2,0.25,1.0,decelerating,1.5,0.0,0.004,0.17411174884060873,0.6517765023187826,7.137566906387532,3.3306690738754696e-16,1.7763568394002505e-15
compliance-dominant_low-C2,0.25,1.0,decelerating,1.5,0.0,0.002,0.174303362597118,0.6513932748057639,7.163910080682977,3.3306690738754696e-16,1.7763568394002505e-15
compliance-dominant_low-C2,0.25,1.0,decelerating,1.5,0.0,0.001,0.17439867701024947,0.651202645979501,7.177102826832934,3.3306690738754696e-16,1.7763568394002505e-15
compliance-dominant_low-C2,0.25,1.0,decelerating,1.5,0.0,0.0005,0.17444621209866004,0.65110757580268,7.183704492197051,3.3306690738754696e-16,1.7763568394002505e-15
compliance-dominant_low-C2,0.25,1.0,decelerating,1.5,0.0,0.00025,0.1744699492365766,0.6510601015268467,7.187006648268712,3.3306690738754696e-16,1.7763568394002505e-15
compliance-dominant_low-C2,0.25,1.0,decelerating,1.5,0.0,0.000125,0.17448181021927822,0.6510363795614434,7.188658057191609,3.3306690738754696e-16,1.7763568394002505e-15
compliance-dominant_low-C2,0.25,1.0,decelerating,1.5,0.2,0.004,0.16799256586500674,0.6640148682699863,7.670445343220926,3.3306690738754696e-16,1.7763568394002505e-15
compliance-dominant_low-C2,0.25,1.0,decelerating,1.5,0.2,0.002,0.168221719160734,0.6635565616785319,7.704772636391804,3.3306690738754696e-16,1.7763568394002505e-15
compliance-dominant_low-C2,0.25,1.0,decelerating,1.5,0.2,0.001,0.16833566292805643,0.6633286741438873,7.721969949780876,4.440892098500626e-16,1.7763568394002505e-15
compliance-dominant_low-C2,0.25,1.0,decelerating,1.5,0.2,0.0005,0.16839247797854315,0.6632150440429138,7.7305770281210915,3.3306690738754696e-16,1.7763568394002505e-15
compliance-dominant_low-C2,0.25,1.0,decelerating,1.5,0.2,0.00025,0.16842084646667788,0.6631583070666444,7.7348826733207146,3.3306690738754696e-16,1.7763568394002505e-15
compliance-dominant_low-C2,0.25,1.0,decelerating,1.5,0.2,0.000125,0.16843502097272836,0.6631299580545431,7.737036022505155,3.3306690738754696e-16,1.7763568394002505e-15
compliance-dominant_low-C2,0.25,1.0,sinusoidal,0.6,0.0,0.004,0.21267890538004508,0.57464218923991,10.0258954294652,6.661338147750939e-16,3.552713678800501e-15
compliance-dominant_low-C2,0.25,1.0,sinusoidal,0.6,0.0,0.002,0.21320893569291846,0.573582128614163,10.045283308974573,6.661338147750939e-16,3.552713678800501e-15
compliance-dominant_low-C2,0.25,1.0,sinusoidal,0.6,0.0,0.001,0.21347255625266662,0.5730548874946667,10.055043267164194,6.661338147750939e-16,3.552713678800501e-15
compliance-dominant_low-C2,0.25,1.0,sinusoidal,0.6,0.0,0.0005,0.21360402197566267,0.5727919560486748,10.059939876584119,6.661338147750939e-16,3.552713678800501e-15
compliance-dominant_low-C2,0.25,1.0,sinusoidal,0.6,0.0,0.00025,0.21366966920321998,0.57266066159356,10.062392354687182,6.661338147750939e-16,3.552713678800501e-15
compliance-dominant_low-C2,0.25,1.0,sinusoidal,0.6,0.0,0.000125,0.2137024714712855,0.5725950570574291,10.063619639069623,6.661338147750939e-16,3.552713678800501e-15
compliance-dominant_low-C2,0.25,1.0,sinusoidal,0.6,0.2,0.004,0.19638914320800488,0.6072217135839902,11.193833237766187,6.661338147750939e-16,3.552713678800501e-15
compliance-dominant_low-C2,0.25,1.0,sinusoidal,0.6,0.2,0.002,0.19711567960681728,0.6057686407863654,11.218323968666251,6.661338147750939e-16,3.552713678800501e-15
compliance-dominant_low-C2,0.25,1.0,sinusoidal,0.6,0.2,0.001,0.19747732394312978,0.6050453521137406,11.230691582940535,6.661338147750939e-16,3.552713678800501e-15
compliance-dominant_low-C2,0.25,1.0,sinusoidal,0.6,0.2,0.0005,0.1976577476360579,0.6046845047278843,11.23690621758675,6.661338147750939e-16,3.552713678800501e-15
compliance-dominant_low-C2,0.25,1.0,sinusoidal,0.6,0.2,0.00025,0.1977478607833664,0.6045042784332673,11.240021275205532,8.881784197001252e-16,3.552713678800501e-15
compliance-dominant_low-C2,0.25,1.0,sinusoidal,0.6,0.2,0.000125,0.19779289279616497,0.60441421440767,11.24158074328232,8.881784197001252e-16,3.552713678800501e-15
compliance-dominant_low-C2,0.25,1.0,sinusoidal,1.0,0.0,0.004,0.18365909295545157,0.6326818140890969,8.070761047740614,5.551115123125783e-16,3.552713678800501e-15
compliance-dominant_low-C2,0.25,1.0,sinusoidal,1.0,0.0,0.002,0.1840180867026936,0.6319638265946128,8.08240728557558,5.551115123125783e-16,3.552713678800501e-15
compliance-dominant_low-C2,0.25,1.0,sinusoidal,1.0,0.0,0.001,0.1841969614658132,0.6316060770683737,8.088246030856077,5.551115123125783e-16,3.552713678800501e-15
compliance-dominant_low-C2,0.25,1.0,sinusoidal,1.0,0.0,0.0005,0.18428624419414827,0.6314275116117034,8.091169335081762,5.551115123125783e-16,3.552713678800501e-15
compliance-dominant_low-C2,0.25,1.0,sinusoidal,1.0,0.0,0.00025,0.18433084700364716,0.6313383059927058,8.092631973224831,5.551115123125783e-16,3.552713678800501e-15
compliance-dominant_low-C2,0.25,1.0,sinusoidal,1.0,0.0,0.000125,0.1843531387832677,0.6312937224334645,8.093363539196247,5.551115123125783e-16,3.552713678800501e-15
compliance-dominant_low-C2,0.25,1.0,sinusoidal,1.0,0.2,0.004,0.1658109657671305,0.668378068465739,8.818310895867876,5.551115123125783e-16,3.552713678800501e-15
compliance-dominant_low-C2,0.25,1.0,sinusoidal,1.0,0.2,0.002,0.16626202787791067,0.6674759442441787,8.832810969164463,5.551115123125783e-16,3.552713678800501e-15
compliance-dominant_low-C2,0.25,1.0,sinusoidal,1.0,0.2,0.001,0.16648700642922226,0.6670259871415556,8.840090557245121,5.551115123125783e-16,3.552713678800501e-15
compliance-dominant_low-C2,0.25,1.0,sinusoidal,1.0,0.2,0.0005,0.16659935870103945,0.6668012825979212,8.843737788800333,5.551115123125783e-16,3.552713678800501e-15
compliance-dominant_low-C2,0.25,1.0,sinusoidal,1.0,0.2,0.00025,0.1666555007249854,0.6666889985500293,8.845563270191011,5.551115123125783e-16,3.552713678800501e-15
compliance-dominant_low-C2,0.25,1.0,sinusoidal,1.0,0.2,0.000125,0.16668356322626324,0.6666328735474735,8.846476478070638,5.551115123125783e-16,3.552713678800501e-15
compliance-dominant_low-C2,0.25,1.0,sinusoidal,1.5,0.0,0.004,0.17617211712274128,0.6476557657545176,7.043916657535137,3.3306690738754696e-16,1.7763568394002505e-15
compliance-dominant_low-C2,0.25,1.0,sinusoidal,1.5,0.0,0.002,0.17637847243640153,0.6472430551271969,7.051778314981034,3.3306690738754696e-16,1.7763568394002505e-15
compliance-dominant_low-C2,0.25,1.0,sinusoidal,1.5,0.0,0.001,0.17648145057803896,0.647037098843922,7.055713904061749,3.3306690738754696e-16,1.7763568394002505e-15
compliance-dominant_low-C2,0.25,1.0,sinusoidal,1.5,0.0,0.0005,0.17653288990649277,0.6469342201870144,7.05768289618518,3.3306690738754696e-16,1.7763568394002505e-15
compliance-dominant_low-C2,0.25,1.0,sinusoidal,1.5,0.0,0.00025,0.1765585971521105,0.646882805695779,7.058667692580622,3.3306690738754696e-16,1.7763568394002505e-15
compliance-dominant_low-C2,0.25,1.0,sinusoidal,1.5,0.0,0.000125,0.1765714476723848,0.6468571046552304,7.059160165979107,3.3306690738754696e-16,1.7763568394002505e-15
compliance-dominant_low-C2,0.25,1.0,sinusoidal,1.5,0.2,0.004,0.16105879362500047,0.6778824127499989,7.56173330693413,5.551115123125783e-16,3.552713678800501e-15
compliance-dominant_low-C2,0.25,1.0,sinusoidal,1.5,0.2,0.002,0.16128894863514034,0.6774221027297193,7.571490221455974,5.551115123125783e-16,3.552713678800501e-15
compliance-dominant_low-C2,0.25,1.0,sinusoidal,1.5,0.2,0.001,0.16140399372174102,0.6771920125565178,7.576377874657442,5.551115123125783e-16,3.552713678800501e-15
compliance-dominant_low-C2,0.25,1.0,sinusoidal,1.5,0.2,0.0005,0.16146150805979564,0.6770769838804086,7.578824014733414,5.551115123125783e-16,3.552713678800501e-15
compliance-dominant_low-C2,0.25,1.0,sinusoidal,1.5,0.2,0.00025,0.16149026316509799,0.6770194736698042,7.580047664955347,5.551115123125783e-16,3.552713678800501e-15
compliance-dominant_low-C2,0.25,1.0,sinusoidal,1.5,0.2,0.000125,0.16150464020027583,0.6769907195994483,7.580659635339427,5.551115123125783e-16,3.552713678800501e-15
compliance-dominant_low-C2,0.25,1.0,square,0.6,0.0,0.004,0.24068130166604634,0.5186373966679073,9.01404079577996,5.551115123125783e-16,3.552713678800501e-15
compliance-dominant_low-C2,0.25,1.0,square,0.6,0.0,0.002,0.2407327013621208,0.5185345972757583,9.054014253224029,5.551115123125783e-16,3.552713678800501e-15
compliance-dominant_low-C2,0.25,1.0,square,0.6,0.0,0.001,0.24075768773167955,0.5184846245366409,9.074042038181547,5.551115123125783e-16,3.552713678800501e-15
compliance-dominant_low-C2,0.25,1.0,square,0.6,0.0,0.0005,0.24077000477518695,0.5184599904496261,9.084066193938794,5.551115123125783e-16,3.552713678800501e-15
compliance-dominant_low-C2,0.25,1.0,square,0.6,0.0,0.00025,0.24077611953687067,0.5184477609262588,9.089080837540429,5.551115123125783e-16,3.552713678800501e-15
compliance-dominant_low-C2,0.25,1.0,square,0.6,0.0,0.000125,0.240779166011897,0.518441667976206,9.091588800759974,5.551115123125783e-16,3.552713678800501e-15
compliance-dominant_low-C2,0.25,1.0,square,0.6,0.2,0.004,0.20408423923696725,0.5918315215260654,9.946126380112332,6.661338147750939e-16,3.552713678800501e-15
compliance-dominant_low-C2,0.25,1.0,square,0.6,0.2,0.002,0.20440326524495323,0.5911934695100934,10.008122740798575,4.440892098500626e-16,3.552713678800501e-15
compliance-dominant_low-C2,0.25,1.0,square,0.6,0.2,0.001,0.20456183101157108,0.5908763379768579,10.039283133646906,6.661338147750939e-16,3.552713678800501e-15
compliance-dominant_low-C2,0.25,1.0,square,0.6,0.2,0.0005,0.2046408770231048,0.5907182459537904,10.054904087001129,6.661338147750939e-16,3.552713678800501e-15
compliance-dominant_low-C2,0.25,1.0,square,0.6,0.2,0.00025,0.20468034081018466,0.5906393183796306,10.062724778517634,6.661338147750939e-16,3.552713678800501e-15
compliance-dominant_low-C2,0.25,1.0,square,0.6,0.2,0.000125,0.20470005789938514,0.5905998842012296,10.066637681194841,6.661338147750939e-16,3.552713678800501e-15
compliance-dominant_low-C2,0.25,1.0,square,1.0,0.0,0.004,0.21817685903958442,0.5636462819208312,7.4308631828178235,5.551115123125783e-16,3.552713678800501e-15
compliance-dominant_low-C2,0.25,1.0,square,1.0,0.0,0.002,0.2182367190590017,0.5635265618819967,7.453071832947328,5.551115123125783e-16,3.552713678800501e-15
compliance-dominant_low-C2,0.25,1.0,square,1.0,0.0,0.001,0.2182663733663996,0.5634672532672007,7.464190881668859,5.551115123125783e-16,3.552713678800501e-15
compliance-dominant_low-C2,0.25,1.0,square,1.0,0.0,0.0005,0.2182811321549024,0.5634377356901952,7.469754086975165,5.551115123125783e-16,3.552713678800501e-15
compliance-dominant_low-C2,0.25,1.0,square,1.0,0.0,0.00025,0.21828849452710997,0.5634230109457802,7.472536609868524,5.551115123125783e-16,3.552713678800501e-15
compliance-dominant_low-C2,0.25,1.0,square,1.0,0.0,0.000125,0.2182921714663131,0.5634156570673738,7.473928101375744,5.551115123125783e-16,3.552713678800501e-15
compliance-dominant_low-C2,0.25,1.0,square,1.0,0.2,0.004,0.177386681879463,0.6452266362410741,8.026444178966614,5.551115123125783e-16,3.552713678800501e-15
compliance-dominant_low-C2,0.25,1.0,square,1.0,0.2,0.002,0.1776595174871705,0.644680965025659,8.058729893197329,5.551115123125783e-16,3.552713678800501e-15
compliance-dominant_low-C2,0.25,1.0,square,1.0,0.2,0.001,0.17779508458349536,0.6444098308330093,8.07492401191794,5.551115123125783e-16,3.552713678800501e-15
compliance-dominant_low-C2,0.25,1.0,square,1.0,0.2,0.0005,0.1778626577281444,0.6442746845437112,8.083033926250986,5.551115123125783e-16,3.552713678800501e-15
compliance-dominant_low-C2,0.25,1.0,square,1.0,0.2,0.00025,0.1778963919789044,0.6442072160421912,8.087092102121577,5.551115123125783e-16,3.552713678800501e-15
compliance-dominant_low-C2,0.25,1.0,square,1.0,0.2,0.000125,0.17791324605851033,0.6441735078829792,8.089121995353919,5.551115123125783e-16,3.552713678800501e-15
compliance-dominant_low-C2,0.25,1.0,square,1.5,0.0,0.004,0.20909644147190398,0.5818071170561921,6.6084582309328965,4.996003610813204e-16,3.552713678800501e-15
compliance-dominant_low-C2,0.25,1.0,square,1.5,0.0,0.002,0.20913465413696167,0.5817306917260766,6.6226835002277245,4.440892098500626e-16,3.552713678800501e-15
compliance-dominant_low-C2,0.25,1.0,square,1.5,0.0,0.001,0.20915364645060874,0.5816927070987826,6.629802668826018,4.440892098500626e-16,3.552713678800501e-15
compliance-dominant_low-C2,0.25,1.0,square,1.5,0.0,0.0005,0.2091631143346412,0.5816737713307175,6.633363886616666,4.440892098500626e-16,3.552713678800501e-15
compliance-dominant_low-C2,0.25,1.0,square,1.5,0.0,0.00025,0.2091678412370764,0.5816643175258471,6.635144903885339,4.440892098500626e-16,3.552713678800501e-15
compliance-dominant_low-C2,0.25,1.0,square,1.5,0.0,0.000125,0.20917020293195276,0.5816595941360944,6.636035514613071,4.440892098500626e-16,3.552713678800501e-15
compliance-dominant_low-C2,0.25,1.0,square,1.5,0.2,0.004,0.171643773373752,0.656712453252496,7.018868854210481,4.996003610813204e-16,3.552713678800501e-15
compliance-dominant_low-C2,0.25,1.0,square,1.5,0.2,0.002,0.17181754341346975,0.6563649131730606,7.038715526403121,4.440892098500626e-16,3.552713678800501e-15
compliance-dominant_low-C2,0.25,1.0,square,1.5,0.2,0.001,0.17190400521577873,0.6561919895684426,7.048660020446958,4.996003610813204e-16,3.552713678800501e-15
compliance-dominant_low-C2,0.25,1.0,square,1.5,0.2,0.0005,0.17194713133759343,0.6561057373248131,7.053637567893782,5.551115123125783e-16,3.552713678800501e-15
compliance-dominant_low-C2,0.25,1.0,square,1.5,0.2,0.00025,0.17196866832995747,0.656062663340085,7.056127668093428,4.996003610813204e-16,3.552713678800501e-15
compliance-dominant_low-C2,0.25,1.0,square,1.5,0.2,0.000125,0.17197943032467752,0.6560411393506449,7.0573730499837435,4.996003610813204e-16,3.552713678800501e-15
homogeneous,1.0,1.0,decelerating,0.6,0.0,0.004,0.5,0.0,7.306948962962963,4.440892098500626e-16,1.7763568394002505e-15
homogeneous,1.0,1.0,decelerating,0.6,0.0,0.002,0.5,0.0,7.362376205246912,4.440892098500626e-16,1.7763568394002505e-15
homogeneous,1.0,1.0,decelerating,0.6,0.0,0.001,0.5,0.0,7.390184338541667,4.440892098500626e-16,1.7763568394002505e-15
homogeneous,1.0,1.0,decelerating,0.6,0.0,0.0005,0.5,0.0,7.404112058039159,4.440892098500626e-16,1.7763568394002505e-15
homogeneous,1.0,1.0,decelerating,0.6,0.0,0.00025,0.5,0.0,7.411081834101924,4.440892098500626e-16,1.7763568394002505e-15
homogeneous,1.0,1.0,decelerating,0.6,0.0,0.000125,0.5,0.0,7.414568201599497,4.440892098500626e-16,1.7763568394002505e-15
homogeneous,1.0,1.0,decelerating,0.6,0.2,0.004,0.5,0.0,8.354645326967592,4.440892098500626e-16,1.7763568394002505e-15
homogeneous,1.0,1.0,decelerating,0.6,0.2,0.002,0.5,0.0,8.43058856276524,4.440892098500626e-16,1.7763568394002505e-15
homogeneous,1.0,1.0,decelerating,0.6,0.2,0.001,0.5,0.0,8.468714867485897,4.440892098500626e-16,1.7763568394002505e-15
homogeneous,1.0,1.0,decelerating,0.6,0.2,0.0005,0.5,0.0,8.487816740012466,4.440892098500626e-16,1.7763568394002505e-15
homogeneous,1.0,1.0,decelerating,0.6,0.2,0.00025,0.5,0.0,8.497377362374907,4.440892098500626e-16,1.7763568394002505e-15
homogeneous,1.0,1.0,decelerating,0.6,0.2,0.000125,0.5,0.0,8.50216009583812,4.440892098500626e-16,1.7763568394002505e-15
homogeneous,1.0,1.0,decelerating,1.0,0.0,0.004,0.5,0.0,5.619487776,4.440892098500626e-16,1.7763568394002505e-15
homogeneous,1.0,1.0,decelerating,1.0,0.0,0.002,0.5,0.0,5.647618627000001,4.440892098500626e-16,1.7763568394002505e-15
homogeneous,1.0,1.0,decelerating,1.0,0.0,0.001,0.5,0.0,5.6617154921249995,4.440892098500626e-16,1.7763568394002505e-15
homogeneous,1.0,1.0,decelerating,1.0,0.0,0.0005,0.5,0.0,5.668771789953126,4.440892098500626e-16,1.7763568394002505e-15
homogeneous,1.0,1.0,decelerating,1.0,0.0,0.00025,0.5,0.0,5.672301905853516,4.440892098500626e-16,1.7763568394002505e-15
homogeneous,1.0,1.0,decelerating,1.0,0.0,0.000125,0.5,0.0,5.6740674556340345,4.440892098500626e-16,1.7763568394002505e-15
homogeneous,1.0,1.0,decelerating,1.0,0.2,0.004,0.5,0.0,6.253895265625,4.440892098500626e-16,1.7763568394002505e-15
homogeneous,1.0,1.0,decelerating,1.0,0.2,0.002,0.5,0.0,6.291463431640625,4.440892098500626e-16,1.7763568394002505e-15
homogeneous,1.0,1.0,decelerating,1.0,0.2,0.001,0.5,0.0,6.310298153564453,4.440892098500626e-16,1.7763568394002505e-15
homogeneous,1.0,1.0,decelerating,1.0,0.2,0.0005,0.5,0.0,6.319728184722901,4.440892098500626e-16,1.7763568394002505e-15
homogeneous,1.0,1.0,decelerating,1.0,0.2,0.00025,0.5,0.0,6.324446369159698,4.440892098500626e-16,1.7763568394002505e-15
homogeneous,1.0,1.0,decelerating,1.0,0.2,0.000125,0.5,0.0,6.326806253756047,4.440892098500626e-16,1.7763568394002505e-15
homogeneous,1.0,1.0,decelerating,1.5,0.0,0.004,0.5,0.0,4.770602600296297,3.3306690738754696e-16,1.7763568394002505e-15
homogeneous,1.0,1.0,decelerating,1.5,0.0,0.002,0.5,0.0,4.787644543802471,3.3306690738754696e-16,1.7763568394002505e-15
homogeneous,1.0,1.0,decelerating,1.5,0.0,0.001,0.5,0.0,4.796178914333332,3.3306690738754696e-16,1.7763568394002505e-15
homogeneous,1.0,1.0,decelerating,1.5,0.0,0.0005,0.5,0.0,4.800449450881174,3.3306690738754696e-16,1.7763568394002505e-15
homogeneous,1.0,1.0,decelerating,1.5,0.0,0.00025,0.5,0.0,4.802585557174189,3.3306690738754696e-16,1.7763568394002505e-15
homogeneous,1.0,1.0,decelerating,1.5,0.0,0.000125,0.5,0.0,4.803653819850283,3.3306690738754696e-16,1.7763568394002505e-15
homogeneous,1.0,1.0,decelerating,1.5,0.2,0.004,0.5,0.0,5.195475217592593,3.3306690738754696e-16,1.7763568394002505e-15
homogeneous,1.0,1.0,decelerating,1.5,0.2,0.002,0.5,0.0,5.217847980516977,3.3306690738754696e-16,1.7763568394002505e-15
homogeneous,1.0,1.0,decelerating,1.5,0.2,0.001,0.5,0.0,5.229055746310765,3.3306690738754696e-16,1.7763568394002505e-15
homogeneous,1.0,1.0,decelerating,1.5,0.2,0.0005,0.5,0.0,5.234664978392047,3.3306690738754696e-16,1.7763568394002505e-15
homogeneous,1.0,1.0,decelerating,1.5,0.2,0.00025,0.5,0.0,5.237470932116473,3.3306690738754696e-16,1.7763568394002505e-15
homogeneous,1.0,1.0,decelerating,1.5,0.2,0.000125,0.5,0.0,5.238874243448093,3.3306690738754696e-16,1.7763568394002505e-15
homogeneous,1.0,1.0,sinusoidal,0.6,0.0,0.004,0.5,0.0,7.067693220058305,4.440892098500626e-16,1.7763568394002505e-15
homogeneous,1.0,1.0,sinusoidal,0.6,0.0,0.002,0.5,0.0,7.080067866396972,4.440892098500626e-16,1.7763568394002505e-15
homogeneous,1.0,1.0,sinusoidal,0.6,0.0,0.001,0.5,0.0,7.086309836379451,4.440892098500626e-16,1.7763568394002505e-15
homogeneous,1.0,1.0,sinusoidal,0.6,0.0,0.0005,0.5,0.0,7.0894445572055185,4.440892098500626e-16,1.7763568394002505e-15
homogeneous,1.0,1.0,sinusoidal,0.6,0.0,0.00025,0.5,0.0,7.091015360930651,4.440892098500626e-16,1.7763568394002505e-15
homogeneous,1.0,1.0,sinusoidal,0.6,0.0,0.000125,0.5,0.0,7.091801624795885,4.440892098500626e-16,1.7763568394002505e-15
homogeneous,1.0,1.0,sinusoidal,0.6,0.2,0.004,0.5,0.0,8.069197426518818,4.440892098500626e-16,1.7763568394002505e-15
homogeneous,1.0,1.0,sinusoidal,0.6,0.2,0.002,0.5,0.0,8.084511464063041,4.440892098500626e-16,1.7763568394002505e-15
homogeneous,1.0,1.0,sinusoidal,0.6,0.2,0.001,0.5,0.0,8.09227522308664,4.440892098500626e-16,1.7763568394002505e-15
homogeneous,1.0,1.0,sinusoidal,0.6,0.2,0.0005,0.5,0.0,8.096183930914709,4.440892098500626e-16,1.7763568394002505e-15
homogeneous,1.0,1.0,sinusoidal,0.6,0.2,0.00025,0.5,0.0,8.098145010079863,4.440892098500626e-16,1.7763568394002505e-15
homogeneous,1.0,1.0,sinusoidal,0.6,0.2,0.000125,0.5,0.0,8.099127233263408,4.440892098500626e-16,1.7763568394002505e-15
homogeneous,1.0,1.0,sinusoidal,1.0,0.0,0.004,0.5,0.0,5.465503490794919,3.3306690738754696e-16,1.7763568394002505e-15
homogeneous,1.0,1.0,sinusoidal,1.0,0.0,0.002,0.5,0.0,5.473012522918326,3.3306690738754696e-16,1.7763568394002505e-15
homogeneous,1.0,1.0,sinusoidal,1.0,0.0,0.001,0.5,0.0,5.476778841660632,3.3306690738754696e-16,1.7763568394002505e-15
homogeneous,1.0,1.0,sinusoidal,1.0,0.0,0.0005,0.5,0.0,5.478664967907453,3.3306690738754696e-16,1.7763568394002505e-15
homogeneous,1.0,1.0,sinusoidal,1.0,0.0,0.00025,0.5,0.0,5.4796087747822275,3.3306690738754696e-16,1.7763568394002505e-15
homogeneous,1.0,1.0,sinusoidal,1.0,0.0,0.000125,0.5,0.0,5.480080864411933,3.3306690738754696e-16,1.7763568394002505e-15
homogeneous,1.0,1.0,sinusoidal,1.0,0.2,0.004,0.5,0.0,6.066298833673464,4.440892098500626e-16,1.7763568394002505e-15
homogeneous,1.0,1.0,sinusoidal,1.0,0.2,0.002,0.5,0.0,6.0756518056742,4.440892098500626e-16,1.7763568394002505e-15
homogeneous,1.0,1.0,sinusoidal,1.0,0.2,0.001,0.5,0.0,6.080351344422268,4.440892098500626e-16,1.7763568394002505e-15
homogeneous,1.0,1.0,sinusoidal,1.0,0.2,0.0005,0.5,0.0,6.082706908515294,4.440892098500626e-16,1.7763568394002505e-15
homogeneous,1.0,1.0,sinusoidal,1.0,0.2,0.00025,0.5,0.0,6.083886143203686,4.440892098500626e-16,1.7763568394002505e-15
homogeneous,1.0,1.0,sinusoidal,1.0,0.2,0.000125,0.5,0.0,6.0844761242049215,4.440892098500626e-16,1.7763568394002505e-15
homogeneous,1.0,1.0,sinusoidal,1.5,0.0,0.004,0.5,0.0,4.664478903161051,3.3306690738754696e-16,1.7763568394002505e-15
homogeneous,1.0,1.0,sinusoidal,1.5,0.0,0.002,0.5,0.0,4.669502474330569,3.3306690738754696e-16,1.7763568394002505e-15
homogeneous,1.0,1.0,sinusoidal,1.5,0.0,0.001,0.5,0.0,4.672017756910425,3.3306690738754696e-16,1.7763568394002505e-15
homogeneous,1.0,1.0,sinusoidal,1.5,0.0,0.0005,0.5,0.0,4.673276277268629,3.3306690738754696e-16,1.7763568394002505e-15
homogeneous,1.0,1.0,sinusoidal,1.5,0.0,0.00025,0.5,0.0,4.673905757818132,3.3306690738754696e-16,1.7763568394002505e-15
homogeneous,1.0,1.0,sinusoidal,1.5,0.0,0.000125,0.5,0.0,4.674220553260962,3.3306690738754696e-16,1.7763568394002505e-15
homogeneous,1.0,1.0,sinusoidal,1.5,0.2,0.004,0.5,0.0,5.06498680488125,3.3306690738754696e-16,1.7763568394002505e-15
homogeneous,1.0,1.0,sinusoidal,1.5,0.2,0.002,0.5,0.0,5.071256397190992,3.3306690738754696e-16,1.7763568394002505e-15
homogeneous,1.0,1.0,sinusoidal,1.5,0.2,0.001,0.5,0.0,5.074398023498299,3.3306690738754696e-16,1.7763568394002505e-15
homogeneous,1.0,1.0,sinusoidal,1.5,0.2,0.0005,0.5,0.0,5.075970553587458,3.3306690738754696e-16,1.7763568394002505e-15
homogeneous,1.0,1.0,sinusoidal,1.5,0.2,0.00025,0.5,0.0,5.076757249043304,3.3306690738754696e-16,1.7763568394002505e-15
homogeneous,1.0,1.0,sinusoidal,1.5,0.2,0.000125,0.5,0.0,5.077150704521393,3.3306690738754696e-16,1.7763568394002505e-15
homogeneous,1.0,1.0,square,0.6,0.0,0.004,0.5,0.0,6.277580555555556,3.3306690738754696e-16,1.7763568394002505e-15
homogeneous,1.0,1.0,square,0.6,0.0,0.002,0.5,0.0,6.303339583333329,3.3306690738754696e-16,1.7763568394002505e-15
homogeneous,1.0,1.0,square,0.6,0.0,0.001,0.5,0.0,6.316244618055568,3.3306690738754696e-16,1.7763568394002505e-15
homogeneous,1.0,1.0,square,0.6,0.0,0.0005,0.5,0.0,6.322703515625037,3.3306690738754696e-16,1.7763568394002505e-15
homogeneous,1.0,1.0,square,0.6,0.0,0.00025,0.5,0.0,6.325934559461755,3.3306690738754696e-16,1.7763568394002505e-15
homogeneous,1.0,1.0,square,0.6,0.0,0.000125,0.5,0.0,6.327550480143264,3.3306690738754696e-16,1.7763568394002505e-15
homogeneous,1.0,1.0,square,0.6,0.2,0.004,0.5,0.0,7.061345362510975,4.440892098500626e-16,1.7763568394002505e-15
homogeneous,1.0,1.0,square,0.6,0.2,0.002,0.5,0.0,7.103444400741702,2.220446049250313e-16,1.7763568394002505e-15
homogeneous,1.0,1.0,square,0.6,0.2,0.001,0.5,0.0,7.124602472493844,4.440892098500626e-16,1.7763568394002505e-15
homogeneous,1.0,1.0,square,0.6,0.2,0.0005,0.5,0.0,7.135208784466945,4.440892098500626e-16,1.7763568394002505e-15
homogeneous,1.0,1.0,square,0.6,0.2,0.00025,0.5,0.0,7.140518776806319,2.220446049250313e-16,1.7763568394002505e-15
homogeneous,1.0,1.0,square,0.6,0.2,0.000125,0.5,0.0,7.143175484235855,4.440892098500626e-16,1.7763568394002505e-15
homogeneous,1.0,1.0,square,1.0,0.0,0.004,0.5,0.0,4.994129,3.3306690738754696e-16,1.7763568394002505e-15
homogeneous,1.0,1.0,square,1.0,0.0,0.002,0.5,0.0,5.008302249999998,3.3306690738754696e-16,1.7763568394002505e-15
homogeneous,1.0,1.0,square,1.0,0.0,0.001,0.5,0.0,5.015398062499999,3.3306690738754696e-16,1.7763568394002505e-15
homogeneous,1.0,1.0,square,1.0,0.0,0.0005,0.5,0.0,5.018948265624915,3.3306690738754696e-16,1.7763568394002505e-15
homogeneous,1.0,1.0,square,1.0,0.0,0.00025,0.5,0.0,5.020723941406059,3.3306690738754696e-16,1.7763568394002505e-15
homogeneous,1.0,1.0,square,1.0,0.0,0.000125,0.5,0.0,5.021611922851642,3.3306690738754696e-16,1.7763568394002505e-15
homogeneous,1.0,1.0,square,1.0,0.2,0.004,0.5,0.0,5.4698042922618715,3.3306690738754696e-16,1.7763568394002505e-15
homogeneous,1.0,1.0,square,1.0,0.2,0.002,0.5,0.0,5.491107401640589,3.3306690738754696e-16,1.7763568394002505e-15
homogeneous,1.0,1.0,square,1.0,0.2,0.001,0.5,0.0,5.501792485255757,3.3306690738754696e-16,1.7763568394002505e-15
homogeneous,1.0,1.0,square,1.0,0.2,0.0005,0.5,0.0,5.507143435046164,3.3306690738754696e-16,1.7763568394002505e-15
homogeneous,1.0,1.0,square,1.0,0.2,0.00025,0.5,0.0,5.509821015165553,3.3306690738754696e-16,1.7763568394002505e-15
homogeneous,1.0,1.0,square,1.0,0.2,0.000125,0.5,0.0,5.511160331935957,3.3306690738754696e-16,8.881784197001252e-16
homogeneous,1.0,1.0,square,1.5,0.0,0.004,0.5,0.0,4.351112888888896,2.7755575615628914e-16,1.7763568394002505e-15
homogeneous,1.0,1.0,square,1.5,0.0,0.002,0.5,0.0,4.360134333333323,3.3306690738754696e-16,1.7763568394002505e-15
homogeneous,1.0,1.0,square,1.5,0.0,0.001,0.5,0.0,4.364649138888913,3.3306690738754696e-16,1.7763568394002505e-15
homogeneous,1.0,1.0,square,1.5,0.0,0.0005,0.5,0.0,4.366907562499956,3.3306690738754696e-16,1.7763568394002505e-15
homogeneous,1.0,1.0,square,1.5,0.0,0.00025,0.5,0.0,4.368037029513726,3.3306690738754696e-16,1.7763568394002505e-15
homogeneous,1.0,1.0,square,1.5,0.0,0.000125,0.5,0.0,4.368601826822673,3.3306690738754696e-16,1.7763568394002505e-15
homogeneous,1.0,1.0,square,1.5,0.2,0.004,0.5,0.0,4.670045210284581,2.7755575615628914e-16,1.7763568394002505e-15
homogeneous,1.0,1.0,square,1.5,0.2,0.002,0.5,0.0,4.6829210462277935,3.3306690738754696e-16,1.7763568394002505e-15
homogeneous,1.0,1.0,square,1.5,0.2,0.001,0.5,0.0,4.689372625351686,2.7755575615628914e-16,1.7763568394002505e-15
homogeneous,1.0,1.0,square,1.5,0.2,0.0005,0.5,0.0,4.6926018372292875,2.220446049250313e-16,1.7763568394002505e-15
homogeneous,1.0,1.0,square,1.5,0.2,0.00025,0.5,0.0,4.69421729962696,2.7755575615628914e-16,1.7763568394002505e-15
homogeneous,1.0,1.0,square,1.5,0.2,0.000125,0.5,0.0,4.695025245050653,2.7755575615628914e-16,1.7763568394002505e-15
mixed_high-C2-high-R2,4.0,4.0,decelerating,0.6,0.0,0.004,0.3425776103912518,0.3148447792174963,10.491419797105092,4.440892098500626e-16,1.7763568394002505e-15
mixed_high-C2-high-R2,4.0,4.0,decelerating,0.6,0.0,0.002,0.34297868357195005,0.3140426328560998,10.563936895554713,4.440892098500626e-16,1.7763568394002505e-15
mixed_high-C2-high-R2,4.0,4.0,decelerating,0.6,0.0,0.001,0.3431785894876426,0.31364282102471475,10.600296673561422,4.440892098500626e-16,1.7763568394002505e-15
mixed_high-C2-high-R2,4.0,4.0,decelerating,0.6,0.0,0.0005,0.3432783854619906,0.3134432290760187,10.618501882290774,4.440892098500626e-16,1.7763568394002505e-15
mixed_high-C2-high-R2,4.0,4.0,decelerating,0.6,0.0,0.00025,0.3433282442885392,0.31334351142292155,10.627610818153643,4.440892098500626e-16,1.7763568394002505e-15
mixed_high-C2-high-R2,4.0,4.0,decelerating,0.6,0.0,0.000125,0.34335316392228815,0.31329367215542364,10.63216686915548,6.661338147750939e-16,1.7763568394002505e-15
mixed_high-C2-high-R2,4.0,4.0,decelerating,0.6,0.2,0.004,0.3346421553504698,0.3307156892990604,12.231105408000094,4.440892098500626e-16,1.7763568394002505e-15
mixed_high-C2-high-R2,4.0,4.0,decelerating,0.6,0.2,0.002,0.3350465467423337,0.3299069065153325,12.333796499007018,6.661338147750939e-16,1.7763568394002505e-15
mixed_high-C2-high-R2,4.0,4.0,decelerating,0.6,0.2,0.001,0.3352480298246025,0.32950394035079505,12.385318146423835,6.661338147750939e-16,1.7763568394002505e-15
mixed_high-C2-high-R2,4.0,4.0,decelerating,0.6,0.2,0.0005,0.3353485941331023,0.3293028117337955,12.411123023851406,6.661338147750939e-16,1.7763568394002505e-15
mixed_high-C2-high-R2,4.0,4.0,decelerating,0.6,0.2,0.00025,0.33539883209363963,0.32920233581272074,12.424036479525014,6.661338147750939e-16,1.7763568394002505e-15
mixed_high-C2-high-R2,4.0,4.0,decelerating,0.6,0.2,0.000125,0.33542394003974485,0.32915211992051024,12.430495962043011,6.661338147750939e-16,1.7763568394002505e-15
mixed_high-C2-high-R2,4.0,4.0,decelerating,1.0,0.0,0.004,0.43533037353432585,0.1293392529313484,7.603778705760571,3.3306690738754696e-16,1.7763568394002505e-15
mixed_high-C2-high-R2,4.0,4.0,decelerating,1.0,0.0,0.002,0.4355298133684766,0.12894037326304678,7.63715354948978,3.3306690738754696e-16,1.7763568394002505e-15
mixed_high-C2-high-R2,4.0,4.0,decelerating,1.0,0.0,0.001,0.4356293135102308,0.12874137297953833,7.653869254277846,3.3306690738754696e-16,1.7763568394002505e-15
mixed_high-C2-high-R2,4.0,4.0,decelerating,1.0,0.0,0.0005,0.43567900883421484,0.12864198233157043,7.66223417953475,3.3306690738754696e-16,1.7763568394002505e-15
mixed_high-C2-high-R2,4.0,4.0,decelerating,1.0,0.0,0.00025,0.435703842834006,0.1285923143319881,7.666418410645574,3.3306690738754696e-16,1.7763568394002505e-15
mixed_high-C2-high-R2,4.0,4.0,decelerating,1.0,0.0,0.000125,0.4357162564214107,0.12856748715717858,7.6685109683549175,3.3306690738754696e-16,1.7763568394002505e-15
mixed_high-C2-high-R2,4.0,4.0,decelerating,1.0,0.2,0.004,0.42951513912377104,0.14096972175245795,8.708933075978326,3.3306690738754696e-16,1.7763568394002505e-15
mixed_high-C2-high-R2,4.0,4.0,decelerating,1.0,0.2,0.002,0.42969169193120155,0.14061661613759693,8.755644722766348,3.3306690738754696e-16,1.7763568394002505e-15
mixed_high-C2-high-R2,4.0,4.0,decelerating,1.0,0.2,0.001,0.42977979299775554,0.14044041400448903,8.779049999868827,4.440892098500626e-16,1.7763568394002505e-15
mixed_high-C2-high-R2,4.0,4.0,decelerating,1.0,0.2,0.0005,0.42982379984841795,0.14035240030316415,8.79076500633239,4.440892098500626e-16,1.7763568394002505e-15
mixed_high-C2-high-R2,4.0,4.0,decelerating,1.0,0.2,0.00025,0.4298457923719892,0.14030841525602167,8.796625602103187,4.440892098500626e-16,1.7763568394002505e-15
mixed_high-C2-high-R2,4.0,4.0,decelerating,1.0,0.2,0.000125,0.4298567859106932,0.14028642817861356,8.799556673193491,4.440892098500626e-16,1.7763568394002505e-15
mixed_high-C2-high-R2,4.0,4.0,decelerating,1.5,0.0,0.004,0.5294816222653499,0.05896324453069986,6.045310826038666,3.3306690738754696e-16,1.7763568394002505e-15
mixed_high-C2-high-R2,4.0,4.0,decelerating,1.5,0.0,0.002,0.5295112075910304,0.059022415182060785,6.063536590543324,3.3306690738754696e-16,1.7763568394002505e-15
mixed_high-C2-high-R2,4.0,4.0,decelerating,1.5,0.0,0.001,0.5295260407470158,0.05905208149403163,6.072659675151479,3.3306690738754696e-16,1.7763568394002505e-15
mixed_high-C2-high-R2,4.0,4.0,decelerating,1.5,0.0,0.0005,0.5295334674155109,0.059066934831021926,6.077223768711035,3.3306690738754696e-16,1.7763568394002505e-15
mixed_high-C2-high-R2,4.0,4.0,decelerating,1.5,0.0,0.00025,0.5295371832682964,0.059074366536592725,6.079506453388004,3.3306690738754696e-16,1.7763568394002505e-15
mixed_high-C2-high-R2,4.0,4.0,decelerating,1.5,0.0,0.000125,0.5295390418238141,0.059078083647628135,6.080647955211209,3.3306690738754696e-16,1.7763568394002505e-15
mixed_high-C2-high-R2,4.0,4.0,decelerating,1.5,0.2,0.004,0.527716471512418,0.05543294302483591,6.84135494188455,3.3306690738754696e-16,1.7763568394002505e-15
mixed_high-C2-high-R2,4.0,4.0,decelerating,1.5,0.2,0.002,0.527699483838736,0.05539896767747192,6.866765682961846,3.3306690738754696e-16,1.7763568394002505e-15
mixed_high-C2-high-R2,4.0,4.0,decelerating,1.5,0.2,0.001,0.5276911449066095,0.055382289813218896,6.879488937774569,3.3306690738754696e-16,1.7763568394002505e-15
mixed_high-C2-high-R2,4.0,4.0,decelerating,1.5,0.2,0.0005,0.5276870139937008,0.05537402798740164,6.885855037476201,3.3306690738754696e-16,1.7763568394002505e-15
mixed_high-C2-high-R2,4.0,4.0,decelerating,1.5,0.2,0.00025,0.5276849581540037,0.05536991630800732,6.889039205554246,3.3306690738754696e-16,1.7763568394002505e-15
mixed_high-C2-high-R2,4.0,4.0,decelerating,1.5,0.2,0.000125,0.5276839326356595,0.05536786527131894,6.89063156916926,3.3306690738754696e-16,1.7763568394002505e-15
mixed_high-C2-high-R2,4.0,4.0,sinusoidal,0.6,0.0,0.004,0.32866729583541066,0.34266540832917874,10.108082714512134,4.440892098500626e-16,1.7763568394002505e-15
mixed_high-C2-high-R2,4.0,4.0,sinusoidal,0.6,0.0,0.002,0.32889249963730344,0.34221500072539296,10.120484968145686,4.440892098500626e-16,1.7763568394002505e-15
mixed_high-C2-high-R2,4.0,4.0,sinusoidal,0.6,0.0,0.001,0.32900390019972064,0.3419921996005587,10.126770414426655,4.440892098500626e-16,1.7763568394002505e-15
mixed_high-C2-high-R2,4.0,4.0,sinusoidal,0.6,0.0,0.0005,0.32905930055333815,0.3418813988933237,10.129934314127054,6.661338147750939e-16,1.7763568394002505e-15
mixed_high-C2-high-R2,4.0,4.0,sinusoidal,0.6,0.0,0.00025,0.3290869257989167,0.34182614840216663,10.131521570330573,6.661338147750939e-16,1.7763568394002505e-15
mixed_high-C2-high-R2,4.0,4.0,sinusoidal,0.6,0.0,0.000125,0.32910071969521926,0.34179856060956143,10.132316526555304,6.661338147750939e-16,1.7763568394002505e-15
mixed_high-C2-high-R2,4.0,4.0,sinusoidal,0.6,0.2,0.004,0.3287647450316057,0.3424705099367886,11.767836500525775,6.661338147750939e-16,1.7763568394002505e-15
mixed_high-C2-high-R2,4.0,4.0,sinusoidal,0.6,0.2,0.002,0.32894481620762034,0.3421103675847593,11.783880033324724,6.661338147750939e-16,1.7763568394002505e-15
mixed_high-C2-high-R2,4.0,4.0,sinusoidal,0.6,0.2,0.001,0.3290330425645194,0.34193391487096136,11.79206812838462,6.661338147750939e-16,1.7763568394002505e-15
mixed_high-C2-high-R2,4.0,4.0,sinusoidal,0.6,0.2,0.0005,0.32907670429754177,0.3418465914049165,11.7962039444289,6.661338147750939e-16,1.7763568394002505e-15
mixed_high-C2-high-R2,4.0,4.0,sinusoidal,0.6,0.2,0.00025,0.3290984224098063,0.34180315518038745,11.7982823182738,6.661338147750939e-16,1.7763568394002505e-15
mixed_high-C2-high-R2,4.0,4.0,sinusoidal,0.6,0.2,0.000125,0.32910925329072377,0.3417814934185524,11.799324124638876,6.661338147750939e-16,1.7763568394002505e-15
mixed_high-C2-high-R2,4.0,4.0,sinusoidal,1.0,0.0,0.004,0.4084969325429977,0.18300613491400472,7.369706734667556,3.3306690738754696e-16,1.7763568394002505e-15
mixed_high-C2-high-R2,4.0,4.0,sinusoidal,1.0,0.0,0.002,0.4085889335110066,0.1828221329779868,7.376198070153395,3.3306690738754696e-16,1.7763568394002505e-15
mixed_high-C2-high-R2,4.0,4.0,sinusoidal,1.0,0.0,0.001,0.40863443359141705,0.182731132817166,7.379461578020543,3.3306690738754696e-16,1.7763568394002505e-15
mixed_high-C2-high-R2,4.0,4.0,sinusoidal,1.0,0.0,0.0005,0.4086570585970583,0.18268588280588327,7.381097812980874,3.3306690738754696e-16,1.7763568394002505e-15
mixed_high-C2-high-R2,4.0,4.0,sinusoidal,1.0,0.0,0.00025,0.40866833984955314,0.18266332030089374,7.381917053350342,3.3306690738754696e-16,1.7763568394002505e-15
mixed_high-C2-high-R2,4.0,4.0,sinusoidal,1.0,0.0,0.000125,0.4086739726642593,0.18265205467148135,7.382326954586986,3.3306690738754696e-16,1.7763568394002505e-15
mixed_high-C2-high-R2,4.0,4.0,sinusoidal,1.0,0.2,0.004,0.41760191432635135,0.16479617134729724,8.415627582898566,3.3306690738754696e-16,1.7763568394002505e-15
mixed_high-C2-high-R2,4.0,4.0,sinusoidal,1.0,0.2,0.002,0.4176078718938292,0.16478425621234152,8.42432687294313,3.3306690738754696e-16,1.7763568394002505e-15
mixed_high-C2-high-R2,4.0,4.0,sinusoidal,1.0,0.2,0.001,0.4176101480755839,0.16477970384883228,8.428711611441337,3.3306690738754696e-16,1.7763568394002505e-15
mixed_high-C2-high-R2,4.0,4.0,sinusoidal,1.0,0.2,0.0005,0.4176111105851519,0.16477777882969621,8.430912795160397,3.3306690738754696e-16,1.7763568394002505e-15
mixed_high-C2-high-R2,4.0,4.0,sinusoidal,1.0,0.2,0.00025,0.4176115479532725,0.16477690409345494,8.432015595802751,3.3306690738754696e-16,1.7763568394002505e-15
mixed_high-C2-high-R2,4.0,4.0,sinusoidal,1.0,0.2,0.000125,0.41761175566675046,0.16477648866649905,8.432567548967047,3.3306690738754696e-16,1.7763568394002505e-15
mixed_high-C2-high-R2,4.0,4.0,sinusoidal,1.5,0.0,0.004,0.4918941924442215,0.016211615111557005,5.896799611402957,3.3306690738754696e-16,1.7763568394002505e-15
mixed_high-C2-high-R2,4.0,4.0,sinusoidal,1.5,0.0,0.002,0.49187721261248485,0.01624557477503023,5.900459458935623,3.3306690738754696e-16,1.7763568394002505e-15
mixed_high-C2-high-R2,4.0,4.0,sinusoidal,1.5,0.0,0.001,0.4918685533350336,0.01626289332993267,5.9022947796999485,3.3306690738754696e-16,1.7763568394002505e-15
mixed_high-C2-high-R2,4.0,4.0,sinusoidal,1.5,0.0,0.0005,0.49186418131635223,0.016271637367295623,5.903213795347977,3.3306690738754696e-16,1.7763568394002505e-15
mixed_high-C2-high-R2,4.0,4.0,sinusoidal,1.5,0.0,0.00025,0.4918619847071232,0.016276030585753422,5.903673642741221,3.3306690738754696e-16,1.7763568394002505e-15
mixed_high-C2-high-R2,4.0,4.0,sinusoidal,1.5,0.0,0.000125,0.49186088375192555,0.016278232496148955,5.90390365142428,3.3306690738754696e-16,1.7763568394002505e-15
mixed_high-C2-high-R2,4.0,4.0,sinusoidal,1.5,0.2,0.004,0.5117760608545227,0.023552121709045405,6.649107287267505,3.3306690738754696e-16,1.7763568394002505e-15
mixed_high-C2-high-R2,4.0,4.0,sinusoidal,1.5,0.2,0.002,0.5116452952521537,0.02329059050430732,6.654157381039079,3.3306690738754696e-16,1.7763568394002505e-15
mixed_high-C2-high-R2,4.0,4.0,sinusoidal,1.5,0.2,0.001,0.5115797406000049,0.02315948120000972,6.6566927654981285,3.3306690738754696e-16,1.7763568394002505e-15
mixed_high-C2-high-R2,4.0,4.0,sinusoidal,1.5,0.2,0.0005,0.5115469201295857,0.02309384025917156,6.657963054160834,3.3306690738754696e-16,1.7763568394002505e-15
mixed_high-C2-high-R2,4.0,4.0,sinusoidal,1.5,0.2,0.00025,0.5115304990857241,0.02306099817144815,6.6585988491083095,3.3306690738754696e-16,1.7763568394002505e-15
mixed_high-C2-high-R2,4.0,4.0,sinusoidal,1.5,0.2,0.000125,0.5115222858588205,0.02304457171764093,6.658916909424743,3.3306690738754696e-16,1.7763568394002505e-15
mixed_high-C2-high-R2,4.0,4.0,square,0.6,0.0,0.004,0.33458286262801495,0.33083427474397015,8.763505800656601,3.3306690738754696e-16,1.7763568394002505e-15
mixed_high-C2-high-R2,4.0,4.0,square,0.6,0.0,0.002,0.33503085644901937,0.32993828710196116,8.793397459817164,3.3306690738754696e-16,1.7763568394002505e-15
mixed_high-C2-high-R2,4.0,4.0,square,0.6,0.0,0.001,0.335254683490085,0.32949063301982995,8.808360837461436,4.440892098500626e-16,1.7763568394002505e-15
mixed_high-C2-high-R2,4.0,4.0,square,0.6,0.0,0.0005,0.3353665544033946,0.3292668911932109,8.815846908642316,4.440892098500626e-16,1.7763568394002505e-15
mixed_high-C2-high-R2,4.0,4.0,square,0.6,0.0,0.00025,0.3354224791908985,0.329155041618203,8.819591039241867,4.440892098500626e-16,1.7763568394002505e-15
mixed_high-C2-high-R2,4.0,4.0,square,0.6,0.0,0.000125,0.3354504389152037,0.32909912216959264,8.821463378221457,4.440892098500626e-16,1.7763568394002505e-15
mixed_high-C2-high-R2,4.0,4.0,square,0.6,0.2,0.004,0.3396495898683849,0.32070082026323027,10.089793449026473,6.661338147750939e-16,1.7763568394002505e-15
mixed_high-C2-high-R2,4.0,4.0,square,0.6,0.2,0.002,0.34006104393783265,0.31987791212433464,10.144754891260527,4.440892098500626e-16,1.7763568394002505e-15
mixed_high-C2-high-R2,4.0,4.0,square,0.6,0.2,0.001,0.34026586595996483,0.31946826808007045,10.172369193797122,6.661338147750939e-16,1.7763568394002505e-15
mixed_high-C2-high-R2,4.0,4.0,square,0.6,0.2,0.0005,0.34036805196034264,0.31926389607931455,10.186209908088557,6.661338147750939e-16,1.7763568394002505e-15
mixed_high-C2-high-R2,4.0,4.0,square,0.6,0.2,0.00025,0.34041908886234923,0.31916182227530154,10.19313867705225,6.661338147750939e-16,1.7763568394002505e-15
mixed_high-C2-high-R2,4.0,4.0,square,0.6,0.2,0.000125,0.340444593308067,0.319110813383866,10.196605167127867,6.661338147750939e-16,1.7763568394002505e-15
mixed_high-C2-high-R2,4.0,4.0,square,1.0,0.0,0.004,0.40882708450529787,0.18234583098940416,6.491578230753712,3.3306690738754696e-16,1.7763568394002505e-15
mixed_high-C2-high-R2,4.0,4.0,square,1.0,0.0,0.002,0.4091362071703977,0.18172758565920466,6.505945201491348,3.3306690738754696e-16,1.7763568394002505e-15
mixed_high-C2-high-R2,4.0,4.0,square,1.0,0.0,0.001,0.40929064501951157,0.1814187099609769,6.513133279239829,3.3306690738754696e-16,1.7763568394002505e-15
mixed_high-C2-high-R2,4.0,4.0,square,1.0,0.0,0.0005,0.40936783305951324,0.18126433388097346,6.516728465641366,3.3306690738754696e-16,1.7763568394002505e-15
mixed_high-C2-high-R2,4.0,4.0,square,1.0,0.0,0.00025,0.4094064193566861,0.18118716128662785,6.5185263456531795,3.3306690738754696e-16,1.7763568394002505e-15
mixed_high-C2-high-R2,4.0,4.0,square,1.0,0.0,0.000125,0.40942571057435617,0.18114857885128763,6.519425357353014,3.3306690738754696e-16,1.7763568394002505e-15
mixed_high-C2-high-R2,4.0,4.0,square,1.0,0.2,0.004,0.42821214283319514,0.14357571433360974,7.3562685997751505,3.3306690738754696e-16,1.7763568394002505e-15
mixed_high-C2-high-R2,4.0,4.0,square,1.0,0.2,0.002,0.42847997736147003,0.14304004527705985,7.381390539428057,3.3306690738754696e-16,1.7763568394002505e-15
mixed_high-C2-high-R2,4.0,4.0,square,1.0,0.2,0.001,0.428613278071211,0.14277344385757793,7.393987777648231,3.3306690738754696e-16,1.7763568394002505e-15
mixed_high-C2-high-R2,4.0,4.0,square,1.0,0.2,0.0005,0.4286797751055792,0.14264044978884172,7.4002954915601045,3.3306690738754696e-16,1.7763568394002505e-15
mixed_high-C2-high-R2,4.0,4.0,square,1.0,0.2,0.00025,0.42871298539440184,0.14257402921119638,7.403451625689602,3.3306690738754696e-16,1.7763568394002505e-15
mixed_high-C2-high-R2,4.0,4.0,square,1.0,0.2,0.000125,0.4287295809944126,0.14254083801117481,7.405030262482523,3.3306690738754696e-16,1.7763568394002505e-15
mixed_high-C2-high-R2,4.0,4.0,square,1.5,0.0,0.004,0.48285772430800167,0.03428455138399655,5.233172369592573,2.7755575615628914e-16,1.7763568394002505e-15
mixed_high-C2-high-R2,4.0,4.0,square,1.5,0.0,0.002,0.4830459669238795,0.033908066152240894,5.241129363792869,3.3306690738754696e-16,1.7763568394002505e-15
mixed_high-C2-high-R2,4.0,4.0,square,1.5,0.0,0.001,0.48314003877743544,0.03371992244512924,5.2451094670564435,3.3306690738754696e-16,1.7763568394002505e-15
mixed_high-C2-high-R2,4.0,4.0,square,1.5,0.0,0.0005,0.48318706233034914,0.03362587533930158,5.247099920229186,3.3306690738754696e-16,1.7763568394002505e-15
mixed_high-C2-high-R2,4.0,4.0,square,1.5,0.0,0.00025,0.4832105710120658,0.03357885797586848,5.248095247200819,3.3306690738754696e-16,1.7763568394002505e-15
mixed_high-C2-high-R2,4.0,4.0,square,1.5,0.0,0.000125,0.4832223245790783,0.03355535084184337,5.248592935782944,3.3306690738754696e-16,1.7763568394002505e-15
mixed_high-C2-high-R2,4.0,4.0,square,1.5,0.2,0.004,0.5189165273613443,0.03783305472268852,5.875197434080177,2.7755575615628914e-16,1.7763568394002505e-15
mixed_high-C2-high-R2,4.0,4.0,square,1.5,0.2,0.002,0.5190431637591513,0.03808632751830254,5.888823207940441,3.3306690738754696e-16,1.7763568394002505e-15
mixed_high-C2-high-R2,4.0,4.0,square,1.5,0.2,0.001,0.5191061370384896,0.03821227407697925,5.895649152933233,2.7755575615628914e-16,1.7763568394002505e-15
mixed_high-C2-high-R2,4.0,4.0,square,1.5,0.2,0.0005,0.5191375379134564,0.03827507582691269,5.8990653966862165,3.3306690738754696e-16,1.7763568394002505e-15
mixed_high-C2-high-R2,4.0,4.0,square,1.5,0.2,0.00025,0.5191532169676446,0.03830643393528917,5.9007743372211054,2.7755575615628914e-16,1.7763568394002505e-15
mixed_high-C2-high-R2,4.0,4.0,square,1.5,0.2,0.000125,0.5191610511561345,0.03832210231226897,5.901629012258789,2.7755575615628914e-16,1.7763568394002505e-15
mixed_low-C2-low-R2,0.25,0.25,decelerating,0.6,0.0,0.004,0.15381301885945037,0.6923739622810993,9.645090442882546,1.4432899320127035e-15,3.552713678800501e-15
mixed_low-C2-low-R2,0.25,0.25,decelerating,0.6,0.0,0.002,0.1552190763551773,0.6895618472896454,9.725334554536955,1.5543122344752192e-15,3.552713678800501e-15
mixed_low-C2-low-R2,0.25,0.25,decelerating,0.6,0.0,0.001,0.1559107005045891,0.6881785989908218,9.765602089883439,1.4432899320127035e-15,3.552713678800501e-15
mixed_low-C2-low-R2,0.25,0.25,decelerating,0.6,0.0,0.0005,0.15625371736858817,0.6874925652628238,9.785772265878046,1.5543122344752192e-15,3.552713678800501e-15
mixed_low-C2-low-R2,0.25,0.25,decelerating,0.6,0.0,0.00025,0.15642453383402544,0.687150932331949,9.795866460762957,1.5543122344752192e-15,3.552713678800501e-15
mixed_low-C2-low-R2,0.25,0.25,decelerating,0.6,0.0,0.000125,0.15650976992008486,0.6869804601598302,9.800915835528352,1.5543122344752192e-15,3.552713678800501e-15
mixed_low-C2-low-R2,0.25,0.25,decelerating,0.6,0.2,0.004,0.13946565378182138,0.7210686924363572,10.60331637643065,1.7763568394002505e-15,3.552713678800501e-15
mixed_low-C2-low-R2,0.25,0.25,decelerating,0.6,0.2,0.002,0.14126964745056617,0.7174607050988676,10.711170631956504,1.887379141862766e-15,3.552713678800501e-15
mixed_low-C2-low-R2,0.25,0.25,decelerating,0.6,0.2,0.001,0.14215523910246242,0.7156895217950753,10.765333022224084,1.9984014443252818e-15,3.552713678800501e-15
mixed_low-C2-low-R2,0.25,0.25,decelerating,0.6,0.2,0.0005,0.14259402154087492,0.7148119569182501,10.79247310816986,1.887379141862766e-15,3.552713678800501e-15
mixed_low-C2-low-R2,0.25,0.25,decelerating,0.6,0.2,0.00025,0.14281242014521855,0.7143751597095629,10.80605788325595,1.9984014443252818e-15,3.552713678800501e-15
mixed_low-C2-low-R2,0.25,0.25,decelerating,0.6,0.2,0.000125,0.14292137261953436,0.7141572547609314,10.812853955004307,1.9984014443252818e-15,3.552713678800501e-15
mixed_low-C2-low-R2,0.25,0.25,decelerating,1.0,0.0,0.004,0.14842866263320678,0.7031426747335866,7.93419903694544,9.992007221626409e-16,1.7763568394002505e-15
mixed_low-C2-low-R2,0.25,0.25,decelerating,1.0,0.0,0.002,0.1491378104115519,0.701724379176896,7.976386915637708,9.992007221626409e-16,1.7763568394002505e-15
mixed_low-C2-low-R2,0.25,0.25,decelerating,1.0,0.0,0.001,0.1494880463849495,0.701023907230101,7.99752998117205,9.992007221626409e-16,1.7763568394002505e-15
mixed_low-C2-low-R2,0.25,0.25,decelerating,1.0,0.0,0.0005,0.14966210006906497,0.7006757998618702,8.00811380404446,9.992007221626409e-16,1.7763568394002505e-15
mixed_low-C2-low-R2,0.25,0.25,decelerating,1.0,0.0,0.00025,0.1497488633006417,0.7005022733987166,8.013408789076703,9.992007221626409e-16,1.7763568394002505e-15
mixed_low-C2-low-R2,0.25,0.25,decelerating,1.0,0.0,0.000125,0.14979217931848499,0.7004156413630301,8.016057050125536,9.992007221626409e-16,1.7763568394002505e-15
mixed_low-C2-low-R2,0.25,0.25,decelerating,1.0,0.2,0.004,0.1358207886328698,0.7283584227342604,8.603150789648549,1.4432899320127035e-15,3.552713678800501e-15
mixed_low-C2-low-R2,0.25,0.25,decelerating,1.0,0.2,0.002,0.13671550119620088,0.7265689976075981,8.658711558049896,1.4432899320127035e-15,3.552713678800501e-15
mixed_low-C2-low-R2,0.25,0.25,decelerating,1.0,0.2,0.001,0.13715676522781578,0.7256864695443686,8.686570649118867,1.4432899320127035e-15,3.552713678800501e-15
mixed_low-C2-low-R2,0.25,0.25,decelerating,1.0,0.2,0.0005,0.13737590424558205,0.725248191508836,8.70051988795143,1.4432899320127035e-15,3.552713678800501e-15
mixed_low-C2-low-R2,0.25,0.25,decelerating,1.0,0.2,0.00025,0.1374851041765387,0.7250297916469227,8.707499432764706,1.4432899320127035e-15,3.552713678800501e-15
mixed_low-C2-low-R2,0.25,0.25,decelerating,1.0,0.2,0.000125,0.13753961220120875,0.7249207755975825,8.710990436779655,1.4432899320127035e-15,3.552713678800501e-15
mixed_low-C2-low-R2,0.25,0.25,decelerating,1.5,0.0,0.004,0.1540727209599327,0.6918545580801346,6.987958742219213,9.992007221626409e-16,1.7763568394002505e-15
mixed_low-C2-low-R2,0.25,0.25,decelerating,1.5,0.0,0.002,0.15445799184185288,0.6910840163162942,7.014032499278239,9.992007221626409e-16,1.7763568394002505e-15
mixed_low-C2-low-R2,0.25,0.25,decelerating,1.5,0.0,0.001,0.15464864174843396,0.6907027165031321,7.027090467406262,9.992007221626409e-16,1.7763568394002505e-15
mixed_low-C2-low-R2,0.25,0.25,decelerating,1.5,0.0,0.0005,0.15474347950020448,0.690513040999591,7.033624726410602,9.992007221626409e-16,1.7763568394002505e-15
mixed_low-C2-low-R2,0.25,0.25,decelerating,1.5,0.0,0.00025,0.15479077769735577,0.6904184446052886,7.036893174965437,9.992007221626409e-16,1.7763568394002505e-15
mixed_low-C2-low-R2,0.25,0.25,decelerating,1.5,0.0,0.000125,0.15481439676485842,0.6903712064702832,7.038527729045729,9.992007221626409e-16,1.7763568394002505e-15
mixed_low-C2-low-R2,0.25,0.25,decelerating,1.5,0.2,0.004,0.1436025839012895,0.7127948321974209,7.468998490529351,9.992007221626409e-16,1.7763568394002505e-15
mixed_low-C2-low-R2,0.25,0.25,decelerating,1.5,0.2,0.002,0.1440857054842626,0.7118285890314747,7.502881187717282,9.992007221626409e-16,1.7763568394002505e-15
mixed_low-C2-low-R2,0.25,0.25,decelerating,1.5,0.2,0.001,0.14432444339637507,0.71135111320725,7.519856070604564,9.992007221626409e-16,1.7763568394002505e-15
mixed_low-C2-low-R2,0.25,0.25,decelerating,1.5,0.2,0.0005,0.14444312053284047,0.711113758934319,7.528351900582379,9.992007221626409e-16,1.7763568394002505e-15
mixed_low-C2-low-R2,0.25,0.25,decelerating,1.5,0.2,0.00025,0.14450228784343563,0.7109954243131288,7.532601913324926,9.992007221626409e-16,1.7763568394002505e-15
mixed_low-C2-low-R2,0.25,0.25,decelerating,1.5,0.2,0.000125,0.14453182889402572,0.7109363422119485,7.53472744421213,9.992007221626409e-16,1.7763568394002505e-15
mixed_low-C2-low-R2,0.25,0.25,sinusoidal,0.6,0.0,0.004,0.16996710615245755,0.660065787695085,9.685819401030878,1.7763568394002505e-15,3.552713678800501e-15
mixed_low-C2-low-R2,0.25,0.25,sinusoidal,0.6,0.0,0.002,0.17120195578069605,0.6575960884386078,9.703121146456525,1.887379141862766e-15,3.552713678800501e-15
mixed_low-C2-low-R2,0.25,0.25,sinusoidal,0.6,0.0,0.001,0.17181552894153543,0.6563689421169291,9.711837484538343,1.887379141862766e-15,3.552713678800501e-15
mixed_low-C2-low-R2,0.25,0.25,sinusoidal,0.6,0.0,0.0005,0.17212136348325796,0.655757273033484,9.716212121899735,1.9984014443252818e-15,3.552713678800501e-15
mixed_low-C2-low-R2,0.25,0.25,sinusoidal,0.6,0.0,0.00025,0.17227404408434294,0.6554519118313141,9.718403570530052,1.887379141862766e-15,3.552713678800501e-15
mixed_low-C2-low-R2,0.25,0.25,sinusoidal,0.6,0.0,0.000125,0.17235032538373427,0.6552993492325315,9.719500328948975,1.9984014443252818e-15,3.552713678800501e-15
mixed_low-C2-low-R2,0.25,0.25,sinusoidal,0.6,0.2,0.004,0.13340888119956598,0.733182237600868,10.685960533268869,1.5543122344752192e-15,3.552713678800501e-15
mixed_low-C2-low-R2,0.25,0.25,sinusoidal,0.6,0.2,0.002,0.1350284670288859,0.7299430659422281,10.707427440858265,1.9984014443252818e-15,3.552713678800501e-15
mixed_low-C2-low-R2,0.25,0.25,sinusoidal,0.6,0.2,0.001,0.13583314424977003,0.72833371150046,10.718276706348027,1.7763568394002505e-15,3.552713678800501e-15
mixed_low-C2-low-R2,0.25,0.25,sinusoidal,0.6,0.2,0.0005,0.13623423069445956,0.7275315386110809,10.723730513020902,1.9984014443252818e-15,3.552713678800501e-15
mixed_low-C2-low-R2,0.25,0.25,sinusoidal,0.6,0.2,0.00025,0.13643446414460206,0.7271310717107958,10.726464737769755,1.9984014443252818e-15,3.552713678800501e-15
mixed_low-C2-low-R2,0.25,0.25,sinusoidal,0.6,0.2,0.000125,0.1365345038306673,0.7269309923386654,10.72783368400773,1.9984014443252818e-15,3.552713678800501e-15
mixed_low-C2-low-R2,0.25,0.25,sinusoidal,1.0,0.0,0.004,0.15583836399578033,0.6883232720084393,7.91152434551419,1.4432899320127035e-15,3.552713678800501e-15
mixed_low-C2-low-R2,0.25,0.25,sinusoidal,1.0,0.0,0.002,0.15641425596334183,0.6871714880733164,7.9225568792602195,1.4432899320127035e-15,3.552713678800501e-15
mixed_low-C2-low-R2,0.25,0.25,sinusoidal,1.0,0.0,0.001,0.15670141068944488,0.6865971786211104,7.928088643666351,1.4432899320127035e-15,3.552713678800501e-15
mixed_low-C2-low-R2,0.25,0.25,sinusoidal,1.0,0.0,0.0005,0.1568447912832844,0.6863104174334314,7.930858423518794,1.4432899320127035e-15,3.552713678800501e-15
mixed_low-C2-low-R2,0.25,0.25,sinusoidal,1.0,0.0,0.00025,0.15691643251664417,0.6861671349667117,7.932244290775219,1.4432899320127035e-15,3.552713678800501e-15
mixed_low-C2-low-R2,0.25,0.25,sinusoidal,1.0,0.0,0.000125,0.1569522408834093,0.6860955182331813,7.932937469101319,1.4432899320127035e-15,3.552713678800501e-15
mixed_low-C2-low-R2,0.25,0.25,sinusoidal,1.0,0.2,0.004,0.12953166280531153,0.740936674389377,8.602574737510729,1.4432899320127035e-15,3.552713678800501e-15
mixed_low-C2-low-R2,0.25,0.25,sinusoidal,1.0,0.2,0.002,0.13017292120351528,0.7396541575929694,8.615975481610011,1.4432899320127035e-15,3.552713678800501e-15
mixed_low-C2-low-R2,0.25,0.25,sinusoidal,1.0,0.2,0.001,0.13049323629369383,0.7390135274126123,8.622705455427111,1.4432899320127035e-15,3.552713678800501e-15
mixed_low-C2-low-R2,0.25,0.25,sinusoidal,1.0,0.2,0.0005,0.130653316788535,0.7386933664229299,8.626077886180623,1.4432899320127035e-15,3.552713678800501e-15
mixed_low-C2-low-R2,0.25,0.25,sinusoidal,1.0,0.2,0.00025,0.1307333379523213,0.7385333240953573,8.627765967974332,1.4432899320127035e-15,3.552713678800501e-15
mixed_low-C2-low-R2,0.25,0.25,sinusoidal,1.0,0.2,0.000125,0.13077334378532818,0.7384533124293435,8.62861047615928,1.4432899320127035e-15,3.552713678800501e-15
mixed_low-C2-low-R2,0.25,0.25,sinusoidal,1.5,0.0,0.004,0.15827633644543126,0.6834473271091375,6.9447852117266216,9.992007221626409e-16,1.7763568394002505e-15
mixed_low-C2-low-R2,0.25,0.25,sinusoidal,1.5,0.0,0.002,0.15856155734236568,0.6828768853152687,6.952455793211712,9.992007221626409e-16,1.7763568394002505e-15
mixed_low-C2-low-R2,0.25,0.25,sinusoidal,1.5,0.0,0.001,0.15870397391633445,0.6825920521673312,6.956295706698902,9.992007221626409e-16,1.7763568394002505e-15
mixed_low-C2-low-R2,0.25,0.25,sinusoidal,1.5,0.0,0.0005,0.15877513390154957,0.6824497321969007,6.958216826485985,9.992007221626409e-16,1.7763568394002505e-15
mixed_low-C2-low-R2,0.25,0.25,sinusoidal,1.5,0.0,0.00025,0.15881070183916018,0.6823785963216796,6.959177678061267,9.992007221626409e-16,1.7763568394002505e-15
mixed_low-C2-low-R2,0.25,0.25,sinusoidal,1.5,0.0,0.000125,0.15882848279674586,0.6823430344065082,6.959658176884526,9.992007221626409e-16,1.7763568394002505e-15
mixed_low-C2-low-R2,0.25,0.25,sinusoidal,1.5,0.2,0.004,0.13971788677975436,0.7205642264404912,7.434280896788934,1.4432899320127035e-15,3.552713678800501e-15
mixed_low-C2-low-R2,0.25,0.25,sinusoidal,1.5,0.2,0.002,0.13998853522460014,0.7200229295507996,7.443670227695027,1.4432899320127035e-15,3.552713678800501e-15
mixed_low-C2-low-R2,0.25,0.25,sinusoidal,1.5,0.2,0.001,0.14012398379662636,0.7197520324067473,7.44837391877803,1.4432899320127035e-15,3.552713678800501e-15
mixed_low-C2-low-R2,0.25,0.25,sinusoidal,1.5,0.2,0.0005,0.14019173956764258,0.719616520864715,7.450728034662508,1.4432899320127035e-15,3.552713678800501e-15
mixed_low-C2-low-R2,0.25,0.25,sinusoidal,1.5,0.2,0.00025,0.14022562537160926,0.7195487492567815,7.4519056619361566,1.4432899320127035e-15,3.552713678800501e-15
mixed_low-C2-low-R2,0.25,0.25,sinusoidal,1.5,0.2,0.000125,0.14024257025895306,0.7195148594820938,7.452494618124287,1.4432899320127035e-15,3.552713678800501e-15
mixed_low-C2-low-R2,0.25,0.25,square,0.6,0.0,0.004,0.23663779408468594,0.5267244118306282,8.675578832514761,1.6653345369377348e-15,3.552713678800501e-15
mixed_low-C2-low-R2,0.25,0.25,square,0.6,0.0,0.002,0.2369403068624595,0.5261193862750809,8.715176286305354,1.5543122344752192e-15,3.552713678800501e-15
mixed_low-C2-low-R2,0.25,0.25,square,0.6,0.0,0.001,0.23708858412788994,0.5258228317442202,8.735016163511464,1.887379141862766e-15,3.552713678800501e-15
mixed_low-C2-low-R2,0.25,0.25,square,0.6,0.0,0.0005,0.23716199199905852,0.525676016001883,8.744946390181513,1.887379141862766e-15,3.552713678800501e-15
mixed_low-C2-low-R2,0.25,0.25,square,0.6,0.0,0.00025,0.23719851495818295,0.5256029700836341,8.74991407559151,1.887379141862766e-15,3.552713678800501e-15
mixed_low-C2-low-R2,0.25,0.25,square,0.6,0.0,0.000125,0.2372167314055218,0.5255665371889564,8.752398561322368,1.887379141862766e-15,3.552713678800501e-15
mixed_low-C2-low-R2,0.25,0.25,square,0.6,0.2,0.004,0.15322004538426096,0.693559909231478,9.477159126093564,1.7763568394002505e-15,3.552713678800501e-15
mixed_low-C2-low-R2,0.25,0.25,square,0.6,0.2,0.002,0.15437915223004595,0.6912416955399082,9.537044328620546,1.9984014443252818e-15,3.552713678800501e-15
mixed_low-C2-low-R2,0.25,0.25,square,0.6,0.2,0.001,0.15495086744566688,0.6900982651086663,9.567144961897226,1.9984014443252818e-15,3.552713678800501e-15
mixed_low-C2-low-R2,0.25,0.25,square,0.6,0.2,0.0005,0.1552348037139725,0.6895303925720552,9.58223498959137,1.9984014443252818e-15,3.552713678800501e-15
mixed_low-C2-low-R2,0.25,0.25,square,0.6,0.2,0.00025,0.15537629616880488,0.6892474076623902,9.589789956696329,1.9984014443252818e-15,3.552713678800501e-15
mixed_low-C2-low-R2,0.25,0.25,square,0.6,0.2,0.000125,0.15544692405099875,0.6891061518980026,9.593569931757104,1.9984014443252818e-15,3.552713678800501e-15
mixed_low-C2-low-R2,0.25,0.25,square,1.0,0.0,0.004,0.21578362205261153,0.568432755894777,7.262662790634771,1.4432899320127035e-15,3.552713678800501e-15
mixed_low-C2-low-R2,0.25,0.25,square,1.0,0.0,0.002,0.21594031963655325,0.5681193607268935,7.284752054390143,1.3322676295501878e-15,3.552713678800501e-15
mixed_low-C2-low-R2,0.25,0.25,square,1.0,0.0,0.001,0.2160175677855928,0.5679648644288143,7.295811389139684,1.4432899320127035e-15,3.552713678800501e-15
mixed_low-C2-low-R2,0.25,0.25,square,1.0,0.0,0.0005,0.21605592189502318,0.5678881562099536,7.301344732265655,1.3322676295501878e-15,3.552713678800501e-15
mixed_low-C2-low-R2,0.25,0.25,square,1.0,0.0,0.00025,0.21607503209305545,0.5678499358138891,7.3041123227706475,1.4432899320127035e-15,3.552713678800501e-15
mixed_low-C2-low-R2,0.25,0.25,square,1.0,0.0,0.000125,0.2160845705563164,0.5678308588873671,7.305496347759197,1.4432899320127035e-15,3.552713678800501e-15
mixed_low-C2-low-R2,0.25,0.25,square,1.0,0.2,0.004,0.14516839401453466,0.7096632119709307,7.800954202138452,1.4432899320127035e-15,3.552713678800501e-15
mixed_low-C2-low-R2,0.25,0.25,square,1.0,0.2,0.002,0.14577852916287676,0.7084429416742464,7.832664914834817,1.4432899320127035e-15,3.552713678800501e-15
mixed_low-C2-low-R2,0.25,0.25,square,1.0,0.2,0.001,0.146080289491406,0.7078394210171879,7.848570620101688,1.5543122344752192e-15,3.552713678800501e-15
mixed_low-C2-low-R2,0.25,0.25,square,1.0,0.2,0.0005,0.14623035830626185,0.7075392833874762,7.85653609911709,1.7763568394002505e-15,3.552713678800501e-15
mixed_low-C2-low-R2,0.25,0.25,square,1.0,0.2,0.00025,0.14630519176488935,0.7073896164702212,7.860522000129358,1.7763568394002505e-15,3.552713678800501e-15
mixed_low-C2-low-R2,0.25,0.25,square,1.0,0.2,0.000125,0.1463425584903794,0.7073148830192413,7.862515741626193,1.7763568394002505e-15,3.552713678800501e-15
mixed_low-C2-low-R2,0.25,0.25,square,1.5,0.0,0.004,0.20782901031835652,0.584341979363287,6.507583289174013,1.1657341758564144e-15,3.552713678800501e-15
mixed_low-C2-low-R2,0.25,0.25,square,1.5,0.0,0.002,0.20791356680626025,0.5841728663874795,6.521756267026742,1.3322676295501878e-15,3.552713678800501e-15
mixed_low-C2-low-R2,0.25,0.25,square,1.5,0.0,0.001,0.20795534643294578,0.5840893071341084,6.528849289292346,1.3322676295501878e-15,3.552713678800501e-15
mixed_low-C2-low-R2,0.25,0.25,square,1.5,0.0,0.0005,0.20797611396415946,0.584047772071681,6.532397433760103,1.3322676295501878e-15,3.552713678800501e-15
mixed_low-C2-low-R2,0.25,0.25,square,1.5,0.0,0.00025,0.2079864674489405,0.584027065102119,6.534171914327736,1.3322676295501878e-15,3.552713678800501e-15
mixed_low-C2-low-R2,0.25,0.25,square,1.5,0.0,0.000125,0.20799163665692078,0.5840167266861586,6.535059256694986,1.3322676295501878e-15,3.552713678800501e-15
mixed_low-C2-low-R2,0.25,0.25,square,1.5,0.2,0.004,0.15166503061275854,0.6966699387744829,6.886027467591926,1.3877787807814457e-15,3.552713678800501e-15
mixed_low-C2-low-R2,0.25,0.25,square,1.5,0.2,0.002,0.15197265519865785,0.6960546896026842,6.905652475056873,1.3322676295501878e-15,3.552713678800501e-15
mixed_low-C2-low-R2,0.25,0.25,square,1.5,0.2,0.001,0.15212520693383938,0.6957495861323212,6.91548592173418,1.3877787807814457e-15,3.552713678800501e-15
mixed_low-C2-low-R2,0.25,0.25,square,1.5,0.2,0.0005,0.15220117311822096,0.6955976537635581,6.9204078916135705,1.4432899320127035e-15,3.552713678800501e-15
mixed_low-C2-low-R2,0.25,0.25,square,1.5,0.2,0.00025,0.15223907945663545,0.6955218410867292,6.922870189541781,1.3877787807814457e-15,3.552713678800501e-15
mixed_low-C2-low-R2,0.25,0.25,square,1.5,0.2,0.000125,0.1522580135198608,0.6954839729602785,6.924101666922344,1.3877787807814457e-15,3.552713678800501e-15
resistance-dominant_high-R2,1.0,4.0,decelerating,0.6,0.0,0.004,0.3074586014774123,0.3850827970451755,10.789471709326444,4.440892098500626e-16,1.7763568394002505e-15
resistance-dominant_high-R2,1.0,4.0,decelerating,0.6,0.0,0.002,0.30769880903927,0.38460238192146,10.86650563641812,6.661338147750939e-16,1.7763568394002505e-15
resistance-dominant_high-R2,1.0,4.0,decelerating,0.6,0.0,0.001,0.3078184105464335,0.3843631789071331,10.905140597138022,4.440892098500626e-16,1.7763568394002505e-15
resistance-dominant_high-R2,1.0,4.0,decelerating,0.6,0.0,0.0005,0.30787808640594533,0.3842438271881093,10.92448760161253,4.440892098500626e-16,1.7763568394002505e-15
resistance-dominant_high-R2,1.0,4.0,decelerating,0.6,0.0,0.00025,0.3079078931960053,0.3841842136079893,10.934168487981513,4.440892098500626e-16,1.7763568394002505e-15
resistance-dominant_high-R2,1.0,4.0,decelerating,0.6,0.0,0.000125,0.3079227888165595,0.384154422366881,10.939010777586853,6.661338147750939e-16,1.7763568394002505e-15
resistance-dominant_high-R2,1.0,4.0,decelerating,0.6,0.2,0.004,0.30265854746170634,0.3946829050765873,12.50372313834593,6.661338147750939e-16,1.7763568394002505e-15
resistance-dominant_high-R2,1.0,4.0,decelerating,0.6,0.2,0.002,0.30290662479560226,0.39418675040879547,12.611435201799399,4.440892098500626e-16,1.7763568394002505e-15
resistance-dominant_high-R2,1.0,4.0,decelerating,0.6,0.2,0.001,0.3030300851547597,0.3939398296904807,12.66548997901574,6.661338147750939e-16,1.7763568394002505e-15
resistance-dominant_high-R2,1.0,4.0,decelerating,0.6,0.2,0.0005,0.3030916716419847,0.3938166567160306,12.692567103171433,6.661338147750939e-16,1.7763568394002505e-15
resistance-dominant_high-R2,1.0,4.0,decelerating,0.6,0.2,0.00025,0.3031224290723729,0.3937551418552541,12.706118105283885,6.661338147750939e-16,1.7763568394002505e-15
resistance-dominant_high-R2,1.0,4.0,decelerating,0.6,0.2,0.000125,0.3031377988479493,0.3937244023041014,12.712896717117275,6.661338147750939e-16,1.7763568394002505e-15
resistance-dominant_high-R2,1.0,4.0,decelerating,1.0,0.0,0.004,0.3699193116241339,0.2601613767517322,7.983089329506166,3.3306690738754696e-16,1.7763568394002505e-15
resistance-dominant_high-R2,1.0,4.0,decelerating,1.0,0.0,0.002,0.36998824803465113,0.26002350393069784,8.020119545962201,3.3306690738754696e-16,1.7763568394002505e-15
resistance-dominant_high-R2,1.0,4.0,decelerating,1.0,0.0,0.001,0.37002261464645664,0.2599547707070867,8.038671357331225,3.3306690738754696e-16,1.7763568394002505e-15
resistance-dominant_high-R2,1.0,4.0,decelerating,1.0,0.0,0.0005,0.370039772681661,0.25992045463667796,8.047956444227113,3.3306690738754696e-16,1.7763568394002505e-15
resistance-dominant_high-R2,1.0,4.0,decelerating,1.0,0.0,0.00025,0.3700483453974617,0.2599033092050767,8.05260128365618,3.3306690738754696e-16,1.7763568394002505e-15
resistance-dominant_high-R2,1.0,4.0,decelerating,1.0,0.0,0.000125,0.3700526301818887,0.25989473963622256,8.05492427745077,3.3306690738754696e-16,1.7763568394002505e-15
resistance-dominant_high-R2,1.0,4.0,decelerating,1.0,0.2,0.004,0.3682863731887806,0.26342725362243885,9.048203380313533,4.440892098500626e-16,1.7763568394002505e-15
resistance-dominant_high-R2,1.0,4.0,decelerating,1.0,0.2,0.002,0.36834114850830013,0.2633177029833998,9.098907195287495,4.440892098500626e-16,1.7763568394002505e-15
resistance-dominant_high-R2,1.0,4.0,decelerating,1.0,0.2,0.001,0.3683684626529584,0.2632630746940832,9.124319958616598,4.440892098500626e-16,1.7763568394002505e-15
resistance-dominant_high-R2,1.0,4.0,decelerating,1.0,0.2,0.0005,0.36838210144084665,0.2632357971183067,9.137041564707191,4.440892098500626e-16,1.7763568394002505e-15
resistance-dominant_high-R2,1.0,4.0,decelerating,1.0,0.2,0.00025,0.36838891627541315,0.2632221674491737,9.143406175167318,4.440892098500626e-16,1.7763568394002505e-15
resistance-dominant_high-R2,1.0,4.0,decelerating,1.0,0.2,0.000125,0.3683923225543143,0.26321535489137143,9.14658943241464,4.440892098500626e-16,1.7763568394002505e-15
resistance-dominant_high-R2,1.0,4.0,decelerating,1.5,0.0,0.004,0.42691415355941725,0.14617169288116547,6.519874688597822,3.3306690738754696e-16,1.7763568394002505e-15
resistance-dominant_high-R2,1.0,4.0,decelerating,1.5,0.0,0.002,0.4268624947507819,0.14627501049843625,6.541237659540977,3.3306690738754696e-16,1.7763568394002505e-15
resistance-dominant_high-R2,1.0,4.0,decelerating,1.5,0.0,0.001,0.4268367716616342,0.14632645667673155,6.5519340781656465,3.3306690738754696e-16,1.7763568394002505e-15
resistance-dominant_high-R2,1.0,4.0,decelerating,1.5,0.0,0.0005,0.42682393660870466,0.14635212678259063,6.5572860224262,3.3306690738754696e-16,1.7763568394002505e-15
resistance-dominant_high-R2,1.0,4.0,decelerating,1.5,0.0,0.00025,0.42681752569429293,0.1463649486114142,6.559962928501002,3.3306690738754696e-16,1.7763568394002505e-15
resistance-dominant_high-R2,1.0,4.0,decelerating,1.5,0.0,0.000125,0.4268143218887427,0.14637135622251465,6.561301615050458,3.3306690738754696e-16,1.7763568394002505e-15
resistance-dominant_high-R2,1.0,4.0,decelerating,1.5,0.2,0.004,0.4300615398109205,0.13987692037815905,7.2596015295974325,3.3306690738754696e-16,1.7763568394002505e-15
resistance-dominant_high-R2,1.0,4.0,decelerating,1.5,0.2,0.002,0.4299761070091286,0.14004778598174286,7.28842363390892,3.3306690738754696e-16,1.7763568394002505e-15
resistance-dominant_high-R2,1.0,4.0,decelerating,1.5,0.2,0.001,0.42993357864280274,0.14013284271439455,7.302859102346794,3.3306690738754696e-16,1.7763568394002505e-15
resistance-dominant_high-R2,1.0,4.0,decelerating,1.5,0.2,0.0005,0.42991236127427673,0.1401752774514466,7.310082943823718,3.3306690738754696e-16,1.7763568394002505e-15
resistance-dominant_high-R2,1.0,4.0,decelerating,1.5,0.2,0.00025,0.4299017642695286,0.14019647146094288,7.313696391775091,3.3306690738754696e-16,1.7763568394002505e-15
resistance-dominant_high-R2,1.0,4.0,decelerating,1.5,0.2,0.000125,0.4298964686840223,0.14020706263195534,7.315503497603802,3.3306690738754696e-16,1.7763568394002505e-15
resistance-dominant_high-R2,1.0,4.0,sinusoidal,0.6,0.0,0.004,0.297077489125199,0.4058450217496021,10.403112488595,4.440892098500626e-16,1.7763568394002505e-15
resistance-dominant_high-R2,1.0,4.0,sinusoidal,0.6,0.0,0.002,0.2971971356577191,0.4056057286845618,10.417785060099064,4.440892098500626e-16,1.7763568394002505e-15
resistance-dominant_high-R2,1.0,4.0,sinusoidal,0.6,0.0,0.001,0.29725610399854996,0.4054877920029001,10.425207688201304,6.661338147750939e-16,1.7763568394002505e-15
resistance-dominant_high-R2,1.0,4.0,sinusoidal,0.6,0.0,0.0005,0.29728537500893354,0.4054292499821329,10.428940688366078,6.661338147750939e-16,1.7763568394002505e-15
resistance-dominant_high-R2,1.0,4.0,sinusoidal,0.6,0.0,0.00025,0.2972999572951738,0.40540008540965233,10.430812622673978,6.661338147750939e-16,1.7763568394002505e-15
resistance-dominant_high-R2,1.0,4.0,sinusoidal,0.6,0.0,0.000125,0.29730723514241625,0.40538552971516756,10.431749949979707,6.661338147750939e-16,1.7763568394002505e-15
resistance-dominant_high-R2,1.0,4.0,sinusoidal,0.6,0.2,0.004,0.2984327055792679,0.40313458884146414,12.039504589082455,6.661338147750939e-16,1.7763568394002505e-15
resistance-dominant_high-R2,1.0,4.0,sinusoidal,0.6,0.2,0.002,0.2985189574139472,0.40296208517210574,12.058016331744676,6.661338147750939e-16,1.7763568394002505e-15
resistance-dominant_high-R2,1.0,4.0,sinusoidal,0.6,0.2,0.001,0.29856077569823486,0.4028784486035303,12.067441180879673,6.661338147750939e-16,1.7763568394002505e-15
resistance-dominant_high-R2,1.0,4.0,sinusoidal,0.6,0.2,0.0005,0.2985813589624842,0.4028372820750316,12.072196044227589,6.661338147750939e-16,1.7763568394002505e-15
resistance-dominant_high-R2,1.0,4.0,sinusoidal,0.6,0.2,0.00025,0.2985915692530879,0.40281686149382434,12.074584110297256,6.661338147750939e-16,1.7763568394002505e-15
resistance-dominant_high-R2,1.0,4.0,sinusoidal,0.6,0.2,0.000125,0.29859665407895153,0.402806691842097,12.07578080504431,6.661338147750939e-16,1.7763568394002505e-15
resistance-dominant_high-R2,1.0,4.0,sinusoidal,1.0,0.0,0.004,0.35120369201155427,0.29759261597689146,7.740529777091025,3.3306690738754696e-16,1.7763568394002505e-15
resistance-dominant_high-R2,1.0,4.0,sinusoidal,1.0,0.0,0.002,0.3512084282249678,0.2975831435500643,7.748941043493223,3.3306690738754696e-16,1.7763568394002505e-15
resistance-dominant_high-R2,1.0,4.0,sinusoidal,1.0,0.0,0.001,0.3512105249533127,0.29757895009337465,7.7531654673886985,3.3306690738754696e-16,1.7763568394002505e-15
resistance-dominant_high-R2,1.0,4.0,sinusoidal,1.0,0.0,0.0005,0.3512115055692254,0.29757698886154915,7.755282398612364,3.3306690738754696e-16,1.7763568394002505e-15
resistance-dominant_high-R2,1.0,4.0,sinusoidal,1.0,0.0,0.00025,0.35121197895213024,0.29757604209573957,7.7563420467527955,3.3306690738754696e-16,1.7763568394002505e-15
resistance-dominant_high-R2,1.0,4.0,sinusoidal,1.0,0.0,0.000125,0.3512122114138193,0.29757557717236127,7.756872166794442,3.3306690738754696e-16,1.7763568394002505e-15
resistance-dominant_high-R2,1.0,4.0,sinusoidal,1.0,0.2,0.004,0.3604219373997538,0.2791561252004923,8.748939714301633,4.440892098500626e-16,1.7763568394002505e-15
resistance-dominant_high-R2,1.0,4.0,sinusoidal,1.0,0.2,0.002,0.3603618901492919,0.2792762197014163,8.759699162427935,4.440892098500626e-16,1.7763568394002505e-15
resistance-dominant_high-R2,1.0,4.0,sinusoidal,1.0,0.2,0.001,0.36033146903002794,0.27933706193994423,8.765115342740465,4.440892098500626e-16,1.7763568394002505e-15
resistance-dominant_high-R2,1.0,4.0,sinusoidal,1.0,0.2,0.0005,0.36031615921021154,0.279367681579577,8.767832589463511,4.440892098500626e-16,1.7763568394002505e-15
resistance-dominant_high-R2,1.0,4.0,sinusoidal,1.0,0.2,0.00025,0.3603084794993788,0.2793830410012425,8.769193507309643,4.440892098500626e-16,1.7763568394002505e-15
resistance-dominant_high-R2,1.0,4.0,sinusoidal,1.0,0.2,0.000125,0.36030463344549385,0.27939073310901225,8.769874540523606,4.440892098500626e-16,1.7763568394002505e-15
resistance-dominant_high-R2,1.0,4.0,sinusoidal,1.5,0.0,0.004,0.4025251869809847,0.19494962603803045,6.357776450059585,3.3306690738754696e-16,1.7763568394002505e-15
resistance-dominant_high-R2,1.0,4.0,sinusoidal,1.5,0.0,0.002,0.4024509716086965,0.1950980567826071,6.363123102192345,3.3306690738754696e-16,1.7763568394002505e-15
resistance-dominant_high-R2,1.0,4.0,sinusoidal,1.5,0.0,0.001,0.40241384332294966,0.19517231335410065,6.3658022206055325,3.3306690738754696e-16,1.7763568394002505e-15
resistance-dominant_high-R2,1.0,4.0,sinusoidal,1.5,0.0,0.0005,0.4023952739789552,0.19520945204208967,6.367143234048833,3.3306690738754696e-16,1.7763568394002505e-15
resistance-dominant_high-R2,1.0,4.0,sinusoidal,1.5,0.0,0.00025,0.4023859880003092,0.1952280239993816,6.367814105099528,3.3306690738754696e-16,1.7763568394002505e-15
resistance-dominant_high-R2,1.0,4.0,sinusoidal,1.5,0.0,0.000125,0.4023813446835287,0.19523731063294258,6.368149631803433,3.3306690738754696e-16,1.7763568394002505e-15
resistance-dominant_high-R2,1.0,4.0,sinusoidal,1.5,0.2,0.004,0.4205880000372094,0.1588239999255811,7.056637485515058,3.3306690738754696e-16,1.7763568394002505e-15
resistance-dominant_high-R2,1.0,4.0,sinusoidal,1.5,0.2,0.002,0.42043029269210364,0.15913941461579273,7.063501106580671,3.3306690738754696e-16,1.7763568394002505e-15
resistance-dominant_high-R2,1.0,4.0,sinusoidal,1.5,0.2,0.001,0.4203514382821539,0.1592971234356922,7.066943926215735,3.3306690738754696e-16,1.7763568394002505e-15
resistance-dominant_high-R2,1.0,4.0,sinusoidal,1.5,0.2,0.0005,0.42031201073112184,0.15937597853775637,7.068668100646227,3.3306690738754696e-16,1.7763568394002505e-15
resistance-dominant_high-R2,1.0,4.0,sinusoidal,1.5,0.2,0.00025,0.42029229684898745,0.15941540630202522,7.069530880560464,3.3306690738754696e-16,1.7763568394002505e-15
resistance-dominant_high-R2,1.0,4.0,sinusoidal,1.5,0.2,0.000125,0.4202824398787597,0.1594351202424806,7.069962443885762,3.3306690738754696e-16,1.7763568394002505e-15
resistance-dominant_high-R2,1.0,4.0,square,0.6,0.0,0.004,0.29935103352363707,0.40129793295272587,9.09408758309285,3.3306690738754696e-16,1.7763568394002505e-15
resistance-dominant_high-R2,1.0,4.0,square,0.6,0.0,0.002,0.29962454415414924,0.4007509116917016,9.12742999295801,4.440892098500626e-16,1.7763568394002505e-15
resistance-dominant_high-R2,1.0,4.0,square,0.6,0.0,0.001,0.2997610925730792,0.40047781485384154,9.144127880674569,5.551115123125783e-16,1.7763568394002505e-15
resistance-dominant_high-R2,1.0,4.0,square,0.6,0.0,0.0005,0.2998293150724984,0.4003413698550032,9.152483494079002,5.551115123125783e-16,1.7763568394002505e-15
resistance-dominant_high-R2,1.0,4.0,square,0.6,0.0,0.00025,0.299863413396507,0.40027317320698597,9.156662968024627,5.551115123125783e-16,1.7763568394002505e-15
resistance-dominant_high-R2,1.0,4.0,square,0.6,0.0,0.000125,0.2998804593273161,0.4002390813453678,9.158753121790436,5.551115123125783e-16,1.7763568394002505e-15
resistance-dominant_high-R2,1.0,4.0,square,0.6,0.2,0.004,0.3051263624943706,0.38974727501125883,10.389965074996766,4.440892098500626e-16,1.7763568394002505e-15
resistance-dominant_high-R2,1.0,4.0,square,0.6,0.2,0.002,0.3053853774192244,0.3892292451615513,10.448439309971686,4.440892098500626e-16,1.7763568394002505e-15
resistance-dominant_high-R2,1.0,4.0,square,0.6,0.2,0.001,0.3055141533193545,0.38897169336129095,10.47782286282567,6.661338147750939e-16,1.7763568394002505e-15
resistance-dominant_high-R2,1.0,4.0,square,0.6,0.2,0.0005,0.3055783595623753,0.3888432808752495,10.49255143341188,6.661338147750939e-16,1.7763568394002505e-15
resistance-dominant_high-R2,1.0,4.0,square,0.6,0.2,0.00025,0.3056104174041254,0.3887791651917491,10.49992494052465,6.661338147750939e-16,1.7763568394002505e-15
resistance-dominant_high-R2,1.0,4.0,square,0.6,0.2,0.000125,0.3056264350233782,0.3887471299532436,10.50361400245318,6.661338147750939e-16,1.7763568394002505e-15
resistance-dominant_high-R2,1.0,4.0,square,1.0,0.0,0.004,0.3469178589757406,0.30616428204851875,6.921111529094803,3.3306690738754696e-16,1.7763568394002505e-15
resistance-dominant_high-R2,1.0,4.0,square,1.0,0.0,0.002,0.34706937311373054,0.3058612537725388,6.938351385064174,3.3306690738754696e-16,1.7763568394002505e-15
resistance-dominant_high-R2,1.0,4.0,square,1.0,0.0,0.001,0.3471450415494307,0.3057099169011385,6.946980436121642,3.3306690738754696e-16,1.7763568394002505e-15
resistance-dominant_high-R2,1.0,4.0,square,1.0,0.0,0.0005,0.3471828536272988,0.30563429274540244,6.951297242451878,3.3306690738754696e-16,1.7763568394002505e-15
resistance-dominant_high-R2,1.0,4.0,square,1.0,0.0,0.00025,0.3472017541335309,0.30559649173293835,6.953456215821518,3.3306690738754696e-16,1.7763568394002505e-15
resistance-dominant_high-R2,1.0,4.0,square,1.0,0.0,0.000125,0.34721120300375885,0.30557759399248224,6.954535845058004,3.3306690738754696e-16,1.7763568394002505e-15
resistance-dominant_high-R2,1.0,4.0,square,1.0,0.2,0.004,0.36474010580910526,0.27051978838178936,7.737593171093414,3.3306690738754696e-16,1.7763568394002505e-15
resistance-dominant_high-R2,1.0,4.0,square,1.0,0.2,0.002,0.36487047059620276,0.27025905880759443,7.765576816779085,3.3306690738754696e-16,1.7763568394002505e-15
resistance-dominant_high-R2,1.0,4.0,square,1.0,0.2,0.001,0.36493523338183553,0.270129533236329,7.779611241746103,3.3306690738754696e-16,1.7763568394002505e-15
resistance-dominant_high-R2,1.0,4.0,square,1.0,0.2,0.0005,0.3649675105452419,0.27006497890951614,7.786639137446558,3.3306690738754696e-16,1.7763568394002505e-15
resistance-dominant_high-R2,1.0,4.0,square,1.0,0.2,0.00025,0.36498362315316,0.27003275369368,7.790155760198942,4.440892098500626e-16,1.7763568394002505e-15
resistance-dominant_high-R2,1.0,4.0,square,1.0,0.2,0.000125,0.3649916729740883,0.27001665405182335,7.791914740813686,4.440892098500626e-16,1.7763568394002505e-15
resistance-dominant_high-R2,1.0,4.0,square,1.5,0.0,0.004,0.388996306132223,0.22200738773555392,5.777273015737874,2.7755575615628914e-16,1.7763568394002505e-15
resistance-dominant_high-R2,1.0,4.0,square,1.5,0.0,0.002,0.3890605733110865,0.22187885337782698,5.78770660748582,3.3306690738754696e-16,1.7763568394002505e-15
resistance-dominant_high-R2,1.0,4.0,square,1.5,0.0,0.001,0.38909270365197707,0.2218145926960458,5.7929274168027645,3.3306690738754696e-16,1.7763568394002505e-15
resistance-dominant_high-R2,1.0,4.0,square,1.5,0.0,0.0005,0.3891087679908247,0.22178246401835058,5.795538824862502,3.3306690738754696e-16,1.7763568394002505e-15
resistance-dominant_high-R2,1.0,4.0,square,1.5,0.0,0.00025,0.3891167999499248,0.22176640010015036,5.7968447797477305,3.3306690738754696e-16,1.7763568394002505e-15
resistance-dominant_high-R2,1.0,4.0,square,1.5,0.0,0.000125,0.3891208158765929,0.22175836824681422,5.797497819904831,3.3306690738754696e-16,1.7763568394002505e-15
resistance-dominant_high-R2,1.0,4.0,square,1.5,0.2,0.004,0.419839565088143,0.16032086982371396,6.352279445803908,2.7755575615628914e-16,1.7763568394002505e-15
resistance-dominant_high-R2,1.0,4.0,square,1.5,0.2,0.002,0.4198648315814666,0.1602703368370668,6.368368053509226,3.3306690738754696e-16,1.7763568394002505e-15
resistance-dominant_high-R2,1.0,4.0,square,1.5,0.2,0.001,0.41987728332405616,0.16024543335188762,6.376428933544032,2.7755575615628914e-16,1.7763568394002505e-15
resistance-dominant_high-R2,1.0,4.0,square,1.5,0.2,0.0005,0.4198834641355684,0.1602330717288632,6.380463526107033,3.3306690738754696e-16,1.7763568394002505e-15
resistance-dominant_high-R2,1.0,4.0,square,1.5,0.2,0.00025,0.41988654331567843,0.1602269133686432,6.382481861589564,2.7755575615628914e-16,1.7763568394002505e-15
resistance-dominant_high-R2,1.0,4.0,square,1.5,0.2,0.000125,0.4198880801042215,0.160223839791557,6.383491289264313,2.7755575615628914e-16,1.7763568394002505e-15
resistance-dominant_low-R2,1.0,0.25,decelerating,0.6,0.0,0.004,0.5122512683392059,0.024502536678411773,5.288960022082433,9.992007221626409e-16,1.7763568394002505e-15
resistance-dominant_low-R2,1.0,0.25,decelerating,0.6,0.0,0.002,0.5127542981998656,0.025508596399731184,5.335327164062001,9.992007221626409e-16,1.7763568394002505e-15
resistance-dominant_low-R2,1.0,0.25,decelerating,0.6,0.0,0.001,0.5130031220539066,0.02600624410781312,5.358597619473924,9.992007221626409e-16,1.7763568394002505e-15
resistance-dominant_low-R2,1.0,0.25,decelerating,0.6,0.0,0.0005,0.5131268685056792,0.02625373701135839,5.3702545942264095,9.992007221626409e-16,1.7763568394002505e-15
resistance-dominant_low-R2,1.0,0.25,decelerating,0.6,0.0,0.00025,0.513188576264241,0.026377152528482044,5.376088521605819,9.992007221626409e-16,1.7763568394002505e-15
resistance-dominant_low-R2,1.0,0.25,decelerating,0.6,0.0,0.000125,0.5132193888887456,0.026438777777491165,5.37900684570144,9.992007221626409e-16,1.7763568394002505e-15
resistance-dominant_low-R2,1.0,0.25,decelerating,0.6,0.2,0.004,0.5023994145723493,0.004798829144698532,5.7601536323737355,9.992007221626409e-16,1.7763568394002505e-15
resistance-dominant_low-R2,1.0,0.25,decelerating,0.6,0.2,0.002,0.5030884961401003,0.006176992280200569,5.8216395799130805,8.881784197001252e-16,1.7763568394002505e-15
resistance-dominant_low-R2,1.0,0.25,decelerating,0.6,0.2,0.001,0.5034289263581161,0.0068578527162323245,5.852522249055292,9.992007221626409e-16,1.7763568394002505e-15
resistance-dominant_low-R2,1.0,0.25,decelerating,0.6,0.2,0.0005,0.5035981268124584,0.007196253624916838,5.867998558550978,9.992007221626409e-16,1.7763568394002505e-15
resistance-dominant_low-R2,1.0,0.25,decelerating,0.6,0.2,0.00025,0.503682474977589,0.0073649499551781015,5.875745463411963,1.1102230246251565e-15,1.7763568394002505e-15
resistance-dominant_low-R2,1.0,0.25,decelerating,0.6,0.2,0.000125,0.5037245862435058,0.007449172487011631,5.879621104168303,1.1102230246251565e-15,1.7763568394002505e-15
resistance-dominant_low-R2,1.0,0.25,decelerating,1.0,0.0,0.004,0.471650155026852,0.05669968994629603,4.482954779849754,8.881784197001252e-16,1.7763568394002505e-15
resistance-dominant_low-R2,1.0,0.25,decelerating,1.0,0.0,0.002,0.47210322818577694,0.05579354362844607,4.507924938286401,8.881784197001252e-16,1.7763568394002505e-15
resistance-dominant_low-R2,1.0,0.25,decelerating,1.0,0.0,0.001,0.4723282008500227,0.05534359829995463,4.520439906801517,8.881784197001252e-16,1.7763568394002505e-15
resistance-dominant_low-R2,1.0,0.25,decelerating,1.0,0.0,0.0005,0.4724402990777013,0.0551194018445974,4.526704868754794,8.881784197001252e-16,1.7763568394002505e-15
resistance-dominant_low-R2,1.0,0.25,decelerating,1.0,0.0,0.00025,0.4724962515219047,0.05500749695619053,4.5298392198268616,8.881784197001252e-16,1.7763568394002505e-15
resistance-dominant_low-R2,1.0,0.25,decelerating,1.0,0.0,0.000125,0.4725242036209815,0.054951592758036974,4.531406862970685,8.881784197001252e-16,1.7763568394002505e-15
resistance-dominant_low-R2,1.0,0.25,decelerating,1.0,0.2,0.004,0.45738243847503424,0.08523512304993154,4.794566961204958,9.992007221626409e-16,1.7763568394002505e-15
resistance-dominant_low-R2,1.0,0.25,decelerating,1.0,0.2,0.002,0.4579889241753811,0.08402215164923768,4.827139931013163,9.43689570931383e-16,1.7763568394002505e-15
resistance-dominant_low-R2,1.0,0.25,decelerating,1.0,0.2,0.001,0.4582898191929224,0.08342036161415527,4.843473929666157,9.992007221626409e-16,1.7763568394002505e-15
resistance-dominant_low-R2,1.0,0.25,decelerating,1.0,0.2,0.0005,0.45843968474075636,0.08312063051848731,4.851652818105311,9.992007221626409e-16,1.7763568394002505e-15
resistance-dominant_low-R2,1.0,0.25,decelerating,1.0,0.2,0.00025,0.4585144726433539,0.0829710547132922,4.855745235937423,9.992007221626409e-16,1.7763568394002505e-15
resistance-dominant_low-R2,1.0,0.25,decelerating,1.0,0.2,0.000125,0.45855183045383135,0.08289633909233728,4.8577921884234145,9.992007221626409e-16,1.7763568394002505e-15
resistance-dominant_low-R2,1.0,0.25,decelerating,1.5,0.0,0.004,0.4606686771956528,0.07866264560869439,4.044409031370214,8.326672684688674e-16,1.7763568394002505e-15
resistance-dominant_low-R2,1.0,0.25,decelerating,1.5,0.0,0.002,0.46096817957066966,0.07806364085866065,4.060068905183487,9.43689570931383e-16,1.7763568394002505e-15
resistance-dominant_low-R2,1.0,0.25,decelerating,1.5,0.0,0.001,0.461117231447732,0.07776553710453601,4.067911800488245,9.159339953157541e-16,1.7763568394002505e-15
resistance-dominant_low-R2,1.0,0.25,decelerating,1.5,0.0,0.0005,0.4611915834936862,0.0776168330126276,4.071836489320194,9.298117831235686e-16,1.7763568394002505e-15
resistance-dominant_low-R2,1.0,0.25,decelerating,1.5,0.0,0.00025,0.46122871615963473,0.0775425676807305,4.073799644228576,9.298117831235686e-16,1.7763568394002505e-15
resistance-dominant_low-R2,1.0,0.25,decelerating,1.5,0.0,0.000125,0.46124727166781904,0.07750545666436184,4.074781424330565,9.43689570931383e-16,1.7763568394002505e-15
resistance-dominant_low-R2,1.0,0.25,decelerating,1.5,0.2,0.004,0.44636977490816326,0.10726045018367346,4.267354324501591,9.298117831235686e-16,1.7763568394002505e-15
resistance-dominant_low-R2,1.0,0.25,decelerating,1.5,0.2,0.002,0.44676621244829107,0.10646757510341794,4.28754910462822,9.228728892196614e-16,1.7763568394002505e-15
resistance-dominant_low-R2,1.0,0.25,decelerating,1.5,0.2,0.001,0.4469633999025061,0.10607320019498782,4.29766700250541,9.43689570931383e-16,1.7763568394002505e-15
resistance-dominant_low-R2,1.0,0.25,decelerating,1.5,0.2,0.0005,0.4470617373554112,0.10587652528917761,4.3027310814846444,9.43689570931383e-16,1.7763568394002505e-15
resistance-dominant_low-R2,1.0,0.25,decelerating,1.5,0.2,0.00025,0.44711084220629105,0.10577831558741786,4.305264403870347,9.43689570931383e-16,1.7763568394002505e-15
resistance-dominant_low-R2,1.0,0.25,decelerating,1.5,0.2,0.000125,0.4471353786868748,0.1057292426262504,4.306531385835467,9.43689570931383e-16,1.7763568394002505e-15
resistance-dominant_low-R2,1.0,0.25,sinusoidal,0.6,0.0,0.004,0.5380683436002964,0.07613668720059283,5.239989482137316,9.992007221626409e-16,1.7763568394002505e-15
resistance-dominant_low-R2,1.0,0.25,sinusoidal,0.6,0.0,0.002,0.5385574612598732,0.07711492251974658,5.252632443023538,8.881784197001252e-16,1.7763568394002505e-15
resistance-dominant_low-R2,1.0,0.25,sinusoidal,0.6,0.0,0.001,0.5388007013769421,0.07760140275388434,5.258978695505496,1.1102230246251565e-15,1.7763568394002505e-15
resistance-dominant_low-R2,1.0,0.25,sinusoidal,0.6,0.0,0.0005,0.5389219962511063,0.07784399250221252,5.262158101620491,1.1102230246251565e-15,1.7763568394002505e-15
resistance-dominant_low-R2,1.0,0.25,sinusoidal,0.6,0.0,0.00025,0.538982562947208,0.07796512589441601,5.263749385531789,1.1102230246251565e-15,1.7763568394002505e-15
resistance-dominant_low-R2,1.0,0.25,sinusoidal,0.6,0.0,0.000125,0.5390128261789927,0.0780256523579854,5.264545424063305,1.1102230246251565e-15,1.7763568394002505e-15
resistance-dominant_low-R2,1.0,0.25,sinusoidal,0.6,0.2,0.004,0.5097012226442805,0.01940244528856096,5.70267438099758,1.1102230246251565e-15,1.7763568394002505e-15
resistance-dominant_low-R2,1.0,0.25,sinusoidal,0.6,0.2,0.002,0.5105268226737094,0.021053645347418864,5.718783441406733,8.881784197001252e-16,1.7763568394002505e-15
resistance-dominant_low-R2,1.0,0.25,sinusoidal,0.6,0.2,0.001,0.510937225083257,0.021874450166514008,5.726883331076811,9.992007221626409e-16,1.7763568394002505e-15
resistance-dominant_low-R2,1.0,0.25,sinusoidal,0.6,0.2,0.0005,0.5111418375927913,0.022283675185582805,5.73094479433011,1.1102230246251565e-15,1.7763568394002505e-15
resistance-dominant_low-R2,1.0,0.25,sinusoidal,0.6,0.2,0.00025,0.5112439979922501,0.02248799598450033,5.732978427957487,1.1102230246251565e-15,1.7763568394002505e-15
resistance-dominant_low-R2,1.0,0.25,sinusoidal,0.6,0.2,0.000125,0.5112950418917495,0.02259008378349903,5.733995973075839,1.1102230246251565e-15,1.7763568394002505e-15
resistance-dominant_low-R2,1.0,0.25,sinusoidal,1.0,0.0,0.004,0.49125128338599805,0.017497433228003866,4.449439119685054,9.992007221626409e-16,1.7763568394002505e-15
resistance-dominant_low-R2,1.0,0.25,sinusoidal,1.0,0.0,0.002,0.4916869629248432,0.016626074150313516,4.4568361779715815,9.992007221626409e-16,1.7763568394002505e-15
resistance-dominant_low-R2,1.0,0.25,sinusoidal,1.0,0.0,0.001,0.49190384397841685,0.01619231204316628,4.460541067024649,9.992007221626409e-16,1.7763568394002505e-15
resistance-dominant_low-R2,1.0,0.25,sinusoidal,1.0,0.0,0.0005,0.4920120465758508,0.015975906848298405,4.462395118129035,9.992007221626409e-16,1.7763568394002505e-15
resistance-dominant_low-R2,1.0,0.25,sinusoidal,1.0,0.0,0.00025,0.4920660886093499,0.015867822781300125,4.463322547404132,9.992007221626409e-16,1.7763568394002505e-15
resistance-dominant_low-R2,1.0,0.25,sinusoidal,1.0,0.0,0.000125,0.4920930948368367,0.015813810326326578,4.463786363232428,9.992007221626409e-16,1.7763568394002505e-15
resistance-dominant_low-R2,1.0,0.25,sinusoidal,1.0,0.2,0.004,0.45872055225014474,0.08255889549971042,4.755190537909936,9.992007221626409e-16,1.7763568394002505e-15
resistance-dominant_low-R2,1.0,0.25,sinusoidal,1.0,0.2,0.002,0.4593780323718868,0.08124393525622635,4.764505172994257,9.992007221626409e-16,1.7763568394002505e-15
resistance-dominant_low-R2,1.0,0.25,sinusoidal,1.0,0.2,0.001,0.4597052824661296,0.08058943506774079,4.769174017795975,9.992007221626409e-16,1.7763568394002505e-15
resistance-dominant_low-R2,1.0,0.25,sinusoidal,1.0,0.2,0.0005,0.45986853871127475,0.08026292257745053,4.771511356061506,9.992007221626409e-16,1.7763568394002505e-15
resistance-dominant_low-R2,1.0,0.25,sinusoidal,1.0,0.2,0.00025,0.459950075090079,0.08009984981984195,4.7726807584249356,9.992007221626409e-16,1.7763568394002505e-15
resistance-dominant_low-R2,1.0,0.25,sinusoidal,1.0,0.2,0.000125,0.4599908204003567,0.08001835919928661,4.773265643447891,9.992007221626409e-16,1.7763568394002505e-15
resistance-dominant_low-R2,1.0,0.25,sinusoidal,1.5,0.0,0.004,0.4731023660404962,0.05379526791900766,4.018313230095543,9.43689570931383e-16,1.7763568394002505e-15
resistance-dominant_low-R2,1.0,0.25,sinusoidal,1.5,0.0,0.002,0.47339462259525517,0.05321075480948962,4.023239026550752,9.43689570931383e-16,1.7763568394002505e-15
resistance-dominant_low-R2,1.0,0.25,sinusoidal,1.5,0.0,0.001,0.4735403385030292,0.05291932299394166,4.025704008282367,9.43689570931383e-16,1.7763568394002505e-15
resistance-dominant_low-R2,1.0,0.25,sinusoidal,1.5,0.0,0.0005,0.47361309379591726,0.05277381240816552,4.026937024740521,9.43689570931383e-16,1.7763568394002505e-15
resistance-dominant_low-R2,1.0,0.25,sinusoidal,1.5,0.0,0.00025,0.4736494458308153,0.05270110833836949,4.0275536649577965,9.43689570931383e-16,1.7763568394002505e-15
resistance-dominant_low-R2,1.0,0.25,sinusoidal,1.5,0.0,0.000125,0.47366761545207464,0.052664769095850765,4.027862018137299,9.43689570931383e-16,1.7763568394002505e-15
resistance-dominant_low-R2,1.0,0.25,sinusoidal,1.5,0.2,0.004,0.4438943041500462,0.1122113916999076,4.237620926259817,9.43689570931383e-16,1.7763568394002505e-15
resistance-dominant_low-R2,1.0,0.25,sinusoidal,1.5,0.2,0.002,0.44429409166121425,0.11141181667757138,4.243772105377075,9.992007221626409e-16,1.7763568394002505e-15
resistance-dominant_low-R2,1.0,0.25,sinusoidal,1.5,0.2,0.001,0.4444934875786259,0.11101302484274819,4.246851573180453,9.992007221626409e-16,1.7763568394002505e-15
resistance-dominant_low-R2,1.0,0.25,sinusoidal,1.5,0.2,0.0005,0.4445930617616222,0.11081387647675549,4.248392285994073,9.992007221626409e-16,1.7763568394002505e-15
resistance-dominant_low-R2,1.0,0.25,sinusoidal,1.5,0.2,0.00025,0.4446428179942216,0.11071436401155678,4.24916288829929,9.992007221626409e-16,1.7763568394002505e-15
resistance-dominant_low-R2,1.0,0.25,sinusoidal,1.5,0.2,0.000125,0.444667688406393,0.11066462318721394,4.249548251072913,9.992007221626409e-16,1.7763568394002505e-15
resistance-dominant_low-R2,1.0,0.25,square,0.6,0.0,0.004,0.5658658666588857,0.13173173331777135,4.823617154146649,8.881784197001252e-16,1.7763568394002505e-15
resistance-dominant_low-R2,1.0,0.25,square,0.6,0.0,0.002,0.5658659798277401,0.13173195965548024,4.847456950961843,9.992007221626409e-16,1.7763568394002505e-15
resistance-dominant_low-R2,1.0,0.25,square,0.6,0.0,0.001,0.5658654478785202,0.13173089575704058,4.859402255862175,9.992007221626409e-16,1.7763568394002505e-15
resistance-dominant_low-R2,1.0,0.25,square,0.6,0.0,0.0005,0.5658650365697926,0.13173007313958518,4.865381259932872,9.992007221626409e-16,1.7763568394002505e-15
resistance-dominant_low-R2,1.0,0.25,square,0.6,0.0,0.00025,0.5658647948044905,0.13172958960898093,4.868372349873193,9.992007221626409e-16,1.7763568394002505e-15
resistance-dominant_low-R2,1.0,0.25,square,0.6,0.0,0.000125,0.5658646649217844,0.13172932984356905,4.869868291819586,9.992007221626409e-16,1.7763568394002505e-15
resistance-dominant_low-R2,1.0,0.25,square,0.6,0.2,0.004,0.519758231361368,0.039516462722735964,5.1967469584478145,1.1102230246251565e-15,1.7763568394002505e-15
resistance-dominant_low-R2,1.0,0.25,square,0.6,0.2,0.002,0.5199856997824701,0.03997139956494033,5.231500746320883,8.881784197001252e-16,1.7763568394002505e-15
resistance-dominant_low-R2,1.0,0.25,square,0.6,0.2,0.001,0.5200996606144375,0.040199321228875075,5.2489691067510735,1.1102230246251565e-15,1.7763568394002505e-15
resistance-dominant_low-R2,1.0,0.25,square,0.6,0.2,0.0005,0.5201566925145048,0.04031338502900952,5.257726269988536,1.1102230246251565e-15,1.7763568394002505e-15
resistance-dominant_low-R2,1.0,0.25,square,0.6,0.2,0.00025,0.5201852207049911,0.040370441409982284,5.262110611987634,8.881784197001252e-16,1.7763568394002505e-15
resistance-dominant_low-R2,1.0,0.25,square,0.6,0.2,0.000125,0.5201994877824964,0.04039897556499281,5.2643042249150716,1.1102230246251565e-15,1.7763568394002505e-15
resistance-dominant_low-R2,1.0,0.25,square,1.0,0.0,0.004,0.5308778282430117,0.06175565648602332,4.172969685222791,7.771561172376096e-16,1.7763568394002505e-15
resistance-dominant_low-R2,1.0,0.25,square,1.0,0.0,0.002,0.5309521770013186,0.06190435400263708,4.186419693455877,9.992007221626409e-16,1.7763568394002505e-15
resistance-dominant_low-R2,1.0,0.25,square,1.0,0.0,0.001,0.530988975516235,0.06197795103246998,4.1931539171015855,9.992007221626409e-16,1.7763568394002505e-15
resistance-dominant_low-R2,1.0,0.25,square,1.0,0.0,0.0005,0.5310072814490377,0.06201456289807533,4.1965233337493535,9.992007221626409e-16,1.7763568394002505e-15
resistance-dominant_low-R2,1.0,0.25,square,1.0,0.0,0.00025,0.531016411163922,0.06203282232784389,4.198208618272333,9.992007221626409e-16,1.7763568394002505e-15
resistance-dominant_low-R2,1.0,0.25,square,1.0,0.0,0.000125,0.5310209702184088,0.06204194043681762,4.199051404582689,9.992007221626409e-16,1.7763568394002505e-15
resistance-dominant_low-R2,1.0,0.25,square,1.0,0.2,0.004,0.4756343736185608,0.0487312527628784,4.420916625037508,9.992007221626409e-16,1.7763568394002505e-15
resistance-dominant_low-R2,1.0,0.25,square,1.0,0.2,0.002,0.4759433047111539,0.04811339057769217,4.43964900116873,9.992007221626409e-16,1.7763568394002505e-15
resistance-dominant_low-R2,1.0,0.25,square,1.0,0.2,0.001,0.47609718754105557,0.04780562491788891,4.449045255440951,9.992007221626409e-16,1.7763568394002505e-15
resistance-dominant_low-R2,1.0,0.25,square,1.0,0.2,0.0005,0.47617398348183637,0.04765203303632728,4.453750922131828,9.992007221626409e-16,1.7763568394002505e-15
resistance-dominant_low-R2,1.0,0.25,square,1.0,0.2,0.00025,0.4762123451101813,0.047575309779637504,4.4561056432501776,9.992007221626409e-16,1.7763568394002505e-15
resistance-dominant_low-R2,1.0,0.25,square,1.0,0.2,0.000125,0.47623151684220855,0.04753696631558289,4.457283476113666,9.992007221626409e-16,1.7763568394002505e-15
resistance-dominant_low-R2,1.0,0.25,square,1.5,0.0,0.004,0.5153248112218565,0.0306496224437131,3.822586521172071,9.43689570931383e-16,1.7763568394002505e-15
resistance-dominant_low-R2,1.0,0.25,square,1.5,0.0,0.002,0.5153816052446553,0.030763210489310445,3.831281983112125,9.992007221626409e-16,1.7763568394002505e-15
resistance-dominant_low-R2,1.0,0.25,square,1.5,0.0,0.001,0.5154098478841759,0.030819695768351755,3.835633802524459,9.992007221626409e-16,1.7763568394002505e-15
resistance-dominant_low-R2,1.0,0.25,square,1.5,0.0,0.0005,0.5154239307894293,0.030847861578858448,3.837810734344157,9.992007221626409e-16,1.7763568394002505e-15
resistance-dominant_low-R2,1.0,0.25,square,1.5,0.0,0.00025,0.515430962660604,0.030861925321207996,3.8388994557827596,9.992007221626409e-16,1.7763568394002505e-15
resistance-dominant_low-R2,1.0,0.25,square,1.5,0.0,0.000125,0.5154344762035916,0.030868952407183146,3.839443880384281,9.992007221626409e-16,1.7763568394002505e-15
resistance-dominant_low-R2,1.0,0.25,square,1.5,0.2,0.004,0.46120294779988663,0.0775941044002268,3.9986778324256553,9.43689570931383e-16,1.7763568394002505e-15
resistance-dominant_low-R2,1.0,0.25,square,1.5,0.2,0.002,0.4614423739757037,0.07711525204859263,4.010439622420876,9.992007221626409e-16,1.7763568394002505e-15
resistance-dominant_low-R2,1.0,0.25,square,1.5,0.2,0.001,0.4615616233433941,0.07687675331321184,4.016333164122701,9.43689570931383e-16,1.7763568394002505e-15
resistance-dominant_low-R2,1.0,0.25,square,1.5,0.2,0.0005,0.461621132819959,0.07675773436008212,4.019283103191898,9.992007221626409e-16,1.7763568394002505e-15
resistance-dominant_low-R2,1.0,0.25,square,1.5,0.2,0.00025,0.4616508588458136,0.0766982823083728,4.02075886560047,9.43689570931383e-16,1.7763568394002505e-15
resistance-dominant_low-R2,1.0,0.25,square,1.5,0.2,0.000125,0.46166571469174966,0.0766685706165007,4.021496945125761,9.43689570931383e-16,1.7763568394002505e-15
